"id","set","prompt","retained_images"
"R001","real93","A realistic full-frame construction-site camera photograph, one continuous edge-to-edge photographic scene with natural perspective and believable materials. A handheld camera points straight down at a red fire extinguisher lying on muddy construction ground among timber offcuts and rebar under soft daylight. The extinguisher sits in the upper half of the composition. The entire lower quarter of the image shows detailed brown wet soil, scattered pebbles, small timber fragments and a diagonal piece of steel rebar. These ground textures extend continuously all the way to the bottom edge and both bottom corners. The physical ground fills the whole rectangular frame, with no added text or margins. No gas cylinders are visible anywhere in the frame. No collage, illustration, watermark, captions, or legible brand text.","4"
"R002","real93","A realistic, unstaged construction-site inspection photograph with natural camera perspective and believable materials. In a dim steel-frame work area, a worker welds beside one blue gas cylinder secured in a metal rack; sparks illuminate the scene. Exactly one complete industrial gas cylinder is visible; its full body has a clear outline, with no object crossing it. No other gas cylinders. No collage, illustration, watermark, captions, or legible brand text.","6"
"R003","real93","A realistic, unstaged construction-site inspection photograph with natural camera perspective and believable materials. Under harsh sun on an open concrete deck, one weathered dark brown gas cylinder stands free beside steel equipment boxes; scaffolding fills the distance. Exactly one complete industrial gas cylinder is visible; its full body has a clear outline, with no object crossing it. No other gas cylinders. No collage, illustration, watermark, captions, or legible brand text.","6"
"R004","real93","A realistic, unstaged construction-site inspection photograph with natural camera perspective and believable materials. In a dim underground work area, two dark brown gas cylinders stand separately on bare concrete beside a grey partition and a small fire extinguisher. Exactly two complete industrial gas cylinders are visible, clearly separated from each other, with no overlap or object crossing either body. No other gas cylinders. No collage, illustration, watermark, captions, or legible brand text.","5"
"R005","real93","A realistic, unstaged construction-site inspection photograph with natural camera perspective and believable materials. On a bright outdoor site, two blue gas cylinders sit in separate bays of a transport rack beside timber scraps; green scaffold screens recede behind. Exactly two complete industrial gas cylinders are visible, clearly separated from each other, with no overlap or object crossing either body. No other gas cylinders. No collage, illustration, watermark, captions, or legible brand text.","4"
"R006","real93","A realistic, unstaged construction-site inspection photograph with natural camera perspective and believable materials. On a wet basement slab among concrete columns and puddles, one silver gas cylinder stands free near rebar bundles. Exactly one complete industrial gas cylinder is visible; its full body has a clear outline, with no object crossing it. No other gas cylinders. No collage, illustration, watermark, captions, or legible brand text.","6"
"R007","real93","A realistic, unstaged construction-site inspection photograph with natural camera perspective and believable materials. After rain, one blue gas cylinder is secured in a mobile rack beside bundled scaffold pipes; puddles and a parked crane truck fill the background. Exactly one complete industrial gas cylinder is visible; its full body has a clear outline, with no object crossing it. No other gas cylinders. No collage, illustration, watermark, captions, or legible brand text.","6"
"R008","real93","A realistic, unstaged construction-site inspection photograph with natural camera perspective and believable materials. On an elevated platform, one dark maroon gas cylinder stands free near a mesh-covered scaffold barrier above an excavation. Exactly one complete industrial gas cylinder is visible; its full body has a clear outline, with no object crossing it. No other gas cylinders. No collage, illustration, watermark, captions, or legible brand text.","6"
"R009","real93","A realistic, unstaged construction-site inspection photograph with natural camera perspective and believable materials. An outdoor yard contains a green oil drum and one blue gas cylinder in a steel cage; wire spools and scrap timber lie nearby. Exactly one complete industrial gas cylinder is visible; its full body has a clear outline, with no object crossing it. No other gas cylinders. No collage, illustration, watermark, captions, or legible brand text.","2"
"R010","real93","A realistic, unstaged construction-site inspection photograph with natural camera perspective and believable materials. An orange wheeled air compressor with black receiver tanks and rubber hoses rests on rough concrete at an active construction site. No gas cylinders are visible anywhere in the frame. No collage, illustration, watermark, captions, or legible brand text.","4"
"R011","real93","A realistic, unstaged construction-site inspection photograph with natural camera perspective and believable materials. One weathered blue gas cylinder with a regulator stands free near a scaffold safety rail; a hose trails over dusty concrete. Exactly one complete industrial gas cylinder is visible; its full body has a clear outline, with no object crossing it. No other gas cylinders. No collage, illustration, watermark, captions, or legible brand text.","6"
"R012","real93","A realistic, unstaged construction-site inspection photograph with natural camera perspective and believable materials. Two brown gas cylinders stand apart along an exposed concrete wall in an unfinished interior, with a red hose and a leaning timber panel. Exactly two complete industrial gas cylinders are visible, clearly separated from each other, with no overlap or object crossing either body. No other gas cylinders. No collage, illustration, watermark, captions, or legible brand text.","5"
"R013","real93","A realistic, unstaged construction-site inspection photograph with natural camera perspective and believable materials. From an elevated viewpoint across a broad steel-frame project, one blue gas cylinder is secured in a cage on a concrete ledge. Exactly one complete industrial gas cylinder is visible; its full body has a clear outline, with no object crossing it. No other gas cylinders. No collage, illustration, watermark, captions, or legible brand text.","5"
"R014","real93","A realistic, unstaged construction-site inspection photograph with natural camera perspective and believable materials. On a rain-soaked construction deck, two blue and silver gas cylinders occupy separate bays of a metal transport cage. Exactly two complete industrial gas cylinders are visible, clearly separated from each other, with no overlap or object crossing either body. No other gas cylinders. No collage, illustration, watermark, captions, or legible brand text.","5"
"R015","real93","A realistic, unstaged construction-site inspection photograph with natural camera perspective and believable materials. Inside a scaffold-filled building site, one dark blue gas cylinder is secured in a rack beside neatly stacked metal pipes. Exactly one complete industrial gas cylinder is visible; its full body has a clear outline, with no object crossing it. No other gas cylinders. No collage, illustration, watermark, captions, or legible brand text.","2"
"R016","real93","A realistic, unstaged construction-site inspection photograph with natural camera perspective and believable materials. In a sunny construction yard, one dark blue gas cylinder is strapped to a hand trolley beside a separate red fire extinguisher trolley. Exactly one complete industrial gas cylinder is visible; its full body has a clear outline, with no object crossing it. No other gas cylinders. No collage, illustration, watermark, captions, or legible brand text.","5"
"R017","real93","A realistic, unstaged construction-site inspection photograph with natural camera perspective and believable materials. An inspection view shows the full weathered blue gas cylinder standing free, with its brass valve and pressure regulator sharply visible. Exactly one complete industrial gas cylinder is visible; its full body has a clear outline, with no object crossing it. No other gas cylinders. No collage, illustration, watermark, captions, or legible brand text.","6"
"R018","real93","A realistic, unstaged construction-site inspection photograph with natural camera perspective and believable materials. One blue gas cylinder is strapped to a weathered hand truck in a gritty yard with rebar scrap, wire mesh, and a distant worker. Exactly one complete industrial gas cylinder is visible; its full body has a clear outline, with no object crossing it. No other gas cylinders. No collage, illustration, watermark, captions, or legible brand text.","3"
"R019","real93","A realistic, unstaged construction-site inspection photograph with natural camera perspective and believable materials. On the uneven floor of a large unfinished interior, one dark blue gas cylinder stands free beside a coiled hose and scattered timber. Exactly one complete industrial gas cylinder is visible; its full body has a clear outline, with no object crossing it. No other gas cylinders. No collage, illustration, watermark, captions, or legible brand text.","4"
"R020","real93","A realistic, unstaged construction-site inspection photograph with natural camera perspective and believable materials. A worker in a high-visibility vest stands by a temporary shed on a muddy construction site with timber scrap and a distant crane. No gas cylinders are visible anywhere in the frame. No collage, illustration, watermark, captions, or legible brand text.","1"
"R021","real93","A realistic, unstaged construction-site inspection photograph with natural camera perspective and believable materials. Two dusty red fire extinguishers lie inside an open red steel cabinet with an inspection sheet beneath diffused site lighting. No gas cylinders are visible anywhere in the frame. No collage, illustration, watermark, captions, or legible brand text.","0"
"R022","real93","A realistic, unstaged construction-site inspection photograph with natural camera perspective and believable materials. Two weathered gas cylinders, white and brown, stand separately on an untidy construction platform near coiled rope and a large puddle. Exactly two complete industrial gas cylinders are visible, clearly separated from each other, with no overlap or object crossing either body. No other gas cylinders. No collage, illustration, watermark, captions, or legible brand text.","6"
"R023","real93","A realistic, unstaged construction-site inspection photograph with natural camera perspective and believable materials. A worker in a blue reflective vest stands beside an orange welding inverter; cables and cardboard boxes clutter the daylight construction area. No gas cylinders are visible anywhere in the frame. No collage, illustration, watermark, captions, or legible brand text.","0"
"R024","real93","A realistic, unstaged construction-site inspection photograph with natural camera perspective and believable materials. In a damp site storage area, one blue and one white gas cylinder are secured in separate bays of a metal rack against scaffolding. Exactly two complete industrial gas cylinders are visible, clearly separated from each other, with no overlap or object crossing either body. No other gas cylinders. No collage, illustration, watermark, captions, or legible brand text.","6"
"R025","real93","A realistic, unstaged construction-site inspection photograph with natural camera perspective and believable materials. A worker walks past a muddy pool and rebar bundles while one blue gas cylinder sits secured in a rack under a steel framework. Exactly one complete industrial gas cylinder is visible; its full body has a clear outline, with no object crossing it. No other gas cylinders. No collage, illustration, watermark, captions, or legible brand text.","6"
"R026","real93","A realistic, unstaged construction-site inspection photograph with natural camera perspective and believable materials. On a busy outdoor work deck, one blue gas cylinder is secured in a rack while a second stands free several metres away; workers handle rebar. Exactly two complete industrial gas cylinders are visible, clearly separated from each other, with no overlap or object crossing either body. No other gas cylinders. No collage, illustration, watermark, captions, or legible brand text.","5"
"R027","real93","A realistic, unstaged construction-site inspection photograph with natural camera perspective and believable materials. An open red metal extinguisher box holds two dusty extinguishers on an unfinished concrete floor amid small pieces of debris. No gas cylinders are visible anywhere in the frame. No collage, illustration, watermark, captions, or legible brand text.","6"
"R028","real93","A realistic, unstaged construction-site inspection photograph with natural camera perspective and believable materials. An inspection view shows one full weathered blue gas cylinder standing free, its regulator and valve visible against blurred rebar. Exactly one complete industrial gas cylinder is visible; its full body has a clear outline, with no object crossing it. No other gas cylinders. No collage, illustration, watermark, captions, or legible brand text.","6"
"R029","real93","A realistic, unstaged construction-site inspection photograph with natural camera perspective and believable materials. One blue gas cylinder stands free beside a purple tarp on a cluttered outdoor deck with rebar bundles and timber under harsh sun. Exactly one complete industrial gas cylinder is visible; its full body has a clear outline, with no object crossing it. No other gas cylinders. No collage, illustration, watermark, captions, or legible brand text.","4"
"R030","real93","A realistic, unstaged construction-site inspection photograph with natural camera perspective and believable materials. One weathered blue gas cylinder lies horizontally on rough concrete with loose rebar beside it, surrounded by sacks and timber scraps. Exactly one complete industrial gas cylinder is visible; its full body has a clear outline, with no object crossing it. No other gas cylinders. No collage, illustration, watermark, captions, or legible brand text.","6"
"R031","real93","A realistic, unstaged construction-site inspection photograph with natural camera perspective and believable materials. A red fire extinguisher rests beside a cutting table amid formwork boards and wiring on an overcast outdoor construction deck. No gas cylinders are visible anywhere in the frame. No collage, illustration, watermark, captions, or legible brand text.","4"
"R032","real93","A realistic, unstaged construction-site inspection photograph with natural camera perspective and believable materials. Two silver gas cylinders occupy separate bays in a blue transport cage beside curved rebar bundles under intense midday sun. Exactly two complete industrial gas cylinders are visible, clearly separated from each other, with no overlap or object crossing either body. No other gas cylinders. No collage, illustration, watermark, captions, or legible brand text.","0"
"R033","real93","A realistic, unstaged construction-site inspection photograph with natural camera perspective and believable materials. On a cloudy rooftop construction area, one blue gas cylinder stands free near plywood stacks and temporary site huts. Exactly one complete industrial gas cylinder is visible; its full body has a clear outline, with no object crossing it. No other gas cylinders. No collage, illustration, watermark, captions, or legible brand text.","5"
"R034","real93","A realistic, unstaged construction-site inspection photograph with natural camera perspective and believable materials. Two blue gas cylinders are secured with space between them in a manifold rack beyond a dense rebar grid on a sunny upper floor. Exactly two complete industrial gas cylinders are visible, clearly separated from each other, with no overlap or object crossing either body. No other gas cylinders. No collage, illustration, watermark, captions, or legible brand text.","2"
"R035","real93","A realistic, unstaged construction-site inspection photograph with natural camera perspective and believable materials. Weathered steel scaffolding frames an elevated view of an excavation with concrete platforms and safety netting under an overcast sky. No gas cylinders are visible anywhere in the frame. No collage, illustration, watermark, captions, or legible brand text.","0"
"R036","real93","A realistic, unstaged construction-site inspection photograph with natural camera perspective and believable materials. In a bright dusty yard, two silver gas cylinders occupy separate positions in a blue rack shaded by green and yellow tarps. Exactly two complete industrial gas cylinders are visible, clearly separated from each other, with no overlap or object crossing either body. No other gas cylinders. No collage, illustration, watermark, captions, or legible brand text.","4"
"R037","real93","A realistic, unstaged construction-site inspection photograph with natural camera perspective and believable materials. A high-angle view through scaffold walkways looks into a muddy construction pit with retaining walls and a distant mobile crane. No gas cylinders are visible anywhere in the frame. No collage, illustration, watermark, captions, or legible brand text.","0"
"R038","real93","A realistic, unstaged construction-site inspection photograph with natural camera perspective and believable materials. An inspection image shows one full brown gas cylinder standing free, with its valve and brass fittings visible against blurred scaffolding. Exactly one complete industrial gas cylinder is visible; its full body has a clear outline, with no object crossing it. No other gas cylinders. No collage, illustration, watermark, captions, or legible brand text.","5"
"R039","real93","A realistic, unstaged construction-site inspection photograph with natural camera perspective and believable materials. Inside a scaffold network, one blue gas cylinder is secured in a rack and one brown cylinder stands free by a pillar, clearly separated. Exactly two complete industrial gas cylinders are visible, clearly separated from each other, with no overlap or object crossing either body. No other gas cylinders. No collage, illustration, watermark, captions, or legible brand text.","4"
"R040","real93","A realistic, unstaged construction-site inspection photograph with natural camera perspective and believable materials. One brown gas cylinder stands free beside a rusty scaffold pole; its full body, brass regulator and blue gauges remain visible. Exactly one complete industrial gas cylinder is visible; its full body has a clear outline, with no object crossing it. No other gas cylinders. No collage, illustration, watermark, captions, or legible brand text.","6"
"R041","real93","A realistic, unstaged construction-site inspection photograph with natural camera perspective and believable materials. On an upper steel-frame deck, two blue and silver gas cylinders occupy separate bays in a manifold cage near a red ladder. Exactly two complete industrial gas cylinders are visible, clearly separated from each other, with no overlap or object crossing either body. No other gas cylinders. No collage, illustration, watermark, captions, or legible brand text.","4"
"R042","real93","A realistic, unstaged construction-site inspection photograph with natural camera perspective and believable materials. In a dim flooded underground shaft, one dark blue gas cylinder stands free by a concrete pillar beyond floating timber and safety barriers. Exactly one complete industrial gas cylinder is visible; its full body has a clear outline, with no object crossing it. No other gas cylinders. No collage, illustration, watermark, captions, or legible brand text.","6"
"R043","real93","A realistic, unstaged construction-site inspection photograph with natural camera perspective and believable materials. Inside a corrugated metal storage shed, two weathered blue gas cylinders stand in separate anchored rack bays across a clear aisle. Exactly two complete industrial gas cylinders are visible, clearly separated from each other, with no overlap or object crossing either body. No other gas cylinders. No collage, illustration, watermark, captions, or legible brand text.","4"
"R044","real93","A realistic, unstaged construction-site inspection photograph with natural camera perspective and believable materials. After rain, two white gas cylinders stand free with clear space between them beside a container wall and striped concrete barrier. Exactly two complete industrial gas cylinders are visible, clearly separated from each other, with no overlap or object crossing either body. No other gas cylinders. No collage, illustration, watermark, captions, or legible brand text.","6"
"R045","real93","A realistic, unstaged construction-site inspection photograph with natural camera perspective and believable materials. Two blue gas cylinders are separately strapped to individual wheeled stands on a smooth concrete floor, with hoses leading toward a safety barrier. Exactly two complete industrial gas cylinders are visible, clearly separated from each other, with no overlap or object crossing either body. No other gas cylinders. No collage, illustration, watermark, captions, or legible brand text.","6"
"R046","real93","A realistic, unstaged construction-site inspection photograph with natural camera perspective and believable materials. On a sunny upper deck, two white gas cylinders stand apart near a concrete edge beyond rebar mesh; a worker and wrapped machine remain behind. Exactly two complete industrial gas cylinders are visible, clearly separated from each other, with no overlap or object crossing either body. No other gas cylinders. No collage, illustration, watermark, captions, or legible brand text.","6"
"R047","real93","A realistic, unstaged construction-site inspection photograph with natural camera perspective and believable materials. In a wide empty indoor construction hall, one grey gas cylinder is strapped to a blue hand truck with hoses on the floor. Exactly one complete industrial gas cylinder is visible; its full body has a clear outline, with no object crossing it. No other gas cylinders. No collage, illustration, watermark, captions, or legible brand text.","5"
"R048","real93","A realistic, unstaged construction-site inspection photograph with natural camera perspective and believable materials. One white gas cylinder stands free beside an orange welding inverter on a dense outdoor rebar platform under daylight. Exactly one complete industrial gas cylinder is visible; its full body has a clear outline, with no object crossing it. No other gas cylinders. No collage, illustration, watermark, captions, or legible brand text.","4"
"R049","real93","A realistic, unstaged construction-site inspection photograph with natural camera perspective and believable materials. One dark brown gas cylinder is strapped to a heavy steel cart beside a separate red fire extinguisher and blue structural column. Exactly one complete industrial gas cylinder is visible; its full body has a clear outline, with no object crossing it. No other gas cylinders. No collage, illustration, watermark, captions, or legible brand text.","0"
"R050","real93","A realistic, unstaged construction-site inspection photograph with natural camera perspective and believable materials. A fallen red fire extinguisher lies beside a table saw on a timber formwork platform while distant workers handle rebar. No gas cylinders are visible anywhere in the frame. No collage, illustration, watermark, captions, or legible brand text.","4"
"R051","real93","A realistic, unstaged construction-site inspection photograph with natural camera perspective and believable materials. In a bright unfinished industrial hall, one blue gas cylinder stands free near a recessed floor pit and a boom lift. Exactly one complete industrial gas cylinder is visible; its full body has a clear outline, with no object crossing it. No other gas cylinders. No collage, illustration, watermark, captions, or legible brand text.","6"
"R052","real93","A realistic, unstaged construction-site inspection photograph with natural camera perspective and believable materials. Steel cable clamps fill one side of the foreground; at medium distance, one blue gas cylinder is secured in a rack under a green tarp. Exactly one complete industrial gas cylinder is visible; its full body has a clear outline, with no object crossing it. No other gas cylinders. No collage, illustration, watermark, captions, or legible brand text.","3"
"R053","real93","A realistic, unstaged construction-site inspection photograph with natural camera perspective and believable materials. One weathered grey gas cylinder is strapped to an angled blue hand cart on dusty indoor concrete beside a red extinguisher. Exactly one complete industrial gas cylinder is visible; its full body has a clear outline, with no object crossing it. No other gas cylinders. No collage, illustration, watermark, captions, or legible brand text.","4"
"R054","real93","A realistic, unstaged construction-site inspection photograph with natural camera perspective and believable materials. An inspection view shows one full brown gas cylinder standing free beside a green tarp, with a visible valve and blue hose. Exactly one complete industrial gas cylinder is visible; its full body has a clear outline, with no object crossing it. No other gas cylinders. No collage, illustration, watermark, captions, or legible brand text.","6"
"R055","real93","A realistic, unstaged construction-site inspection photograph with natural camera perspective and believable materials. Two dusty red fire extinguishers rest side by side in an open steel box with an inspection sheet on its raised lid. No gas cylinders are visible anywhere in the frame. No collage, illustration, watermark, captions, or legible brand text.","1"
"R056","real93","A realistic, unstaged construction-site inspection photograph with natural camera perspective and believable materials. Through layered scaffold walkways and safety nets, one industrial gas cylinder is visible in a rack on a construction slab. Exactly one complete industrial gas cylinder is visible; its full body has a clear outline, with no object crossing it. No other gas cylinders. No collage, illustration, watermark, captions, or legible brand text.","3"
"R057","real93","A realistic, unstaged construction-site inspection photograph with natural camera perspective and believable materials. A single dusty red portable fire extinguisher lies inside an open fire cabinet in a dim construction basement. No gas cylinders are visible anywhere in the frame. No collage, illustration, watermark, captions, or legible brand text.","2"
"R058","real93","A realistic, unstaged construction-site inspection photograph with natural camera perspective and believable materials. Two red fire extinguishers sit in an open equipment box, with handles and gauges visible beneath a paper inspection log. No gas cylinders are visible anywhere in the frame. No collage, illustration, watermark, captions, or legible brand text.","1"
"R059","real93","A realistic, unstaged construction-site inspection photograph with natural camera perspective and believable materials. A flashlight illuminates a fallen red fire extinguisher beside one blue gas cylinder secured in a metal rack in a dark basement. Exactly one complete industrial gas cylinder is visible; its full body has a clear outline, with no object crossing it. No other gas cylinders. No collage, illustration, watermark, captions, or legible brand text.","3"
"R060","real93","A realistic, unstaged construction-site inspection photograph with natural camera perspective and believable materials. A white-and-blue gas cylinder is strapped to a yellow welding trolley beside a striped safety barrier on a dusty slab. Exactly one complete industrial gas cylinder is visible; its full body has a clear outline, with no object crossing it. No other gas cylinders. No collage, illustration, watermark, captions, or legible brand text.","4"
"R061","real93","A realistic, unstaged construction-site inspection photograph with natural camera perspective and believable materials. In a dim underground level, one white and one dark blue gas cylinder stand apart on bare concrete against an unfinished wall. Exactly two complete industrial gas cylinders are visible, clearly separated from each other, with no overlap or object crossing either body. No other gas cylinders. No collage, illustration, watermark, captions, or legible brand text.","4"
"R062","real93","A realistic, unstaged construction-site inspection photograph with natural camera perspective and believable materials. Two blue gas cylinders stand free with space between them beside red-and-white striped structural columns in a site corridor. Exactly two complete industrial gas cylinders are visible, clearly separated from each other, with no overlap or object crossing either body. No other gas cylinders. No collage, illustration, watermark, captions, or legible brand text.","5"
"R063","real93","A realistic, unstaged construction-site inspection photograph with natural camera perspective and believable materials. In an unfinished concrete passage, two weathered white gas cylinders stand apart before yellow mesh barriers and a rebar shaft. Exactly two complete industrial gas cylinders are visible, clearly separated from each other, with no overlap or object crossing either body. No other gas cylinders. No collage, illustration, watermark, captions, or legible brand text.","6"
"R064","real93","A realistic, unstaged construction-site inspection photograph with natural camera perspective and believable materials. One metal gas cylinder stands free beside a welding workbench, paint buckets, tools, and shovels in a dim site zone. Exactly one complete industrial gas cylinder is visible; its full body has a clear outline, with no object crossing it. No other gas cylinders. No collage, illustration, watermark, captions, or legible brand text.","6"
"R065","real93","A realistic, unstaged construction-site inspection photograph with natural camera perspective and believable materials. In a muddy tunnel work area, one blue gas cylinder stands free near a red forklift and the distant boring-machine entrance. Exactly one complete industrial gas cylinder is visible; its full body has a clear outline, with no object crossing it. No other gas cylinders. No collage, illustration, watermark, captions, or legible brand text.","6"
"R066","real93","A realistic, unstaged construction-site inspection photograph with natural camera perspective and believable materials. One gas cylinder is strapped to a parked dolly behind rusty steel plates in a viaduct construction yard. Exactly one complete industrial gas cylinder is visible; its full body has a clear outline, with no object crossing it. No other gas cylinders. No collage, illustration, watermark, captions, or legible brand text.","1"
"R067","real93","A realistic, unstaged construction-site inspection photograph with natural camera perspective and believable materials. Two weathered white gas cylinders stand apart beside coiled hoses above a muddy tunnel excavation and shield-machine face. Exactly two complete industrial gas cylinders are visible, clearly separated from each other, with no overlap or object crossing either body. No other gas cylinders. No collage, illustration, watermark, captions, or legible brand text.","6"
"R068","real93","A realistic, unstaged construction-site inspection photograph with natural camera perspective and believable materials. An inspector reviews a document beside a transport cage holding two blue gas cylinders in separate bays in a sunlit terminal project. Exactly two complete industrial gas cylinders are visible, clearly separated from each other, with no overlap or object crossing either body. No other gas cylinders. No collage, illustration, watermark, captions, or legible brand text.","5"
"R069","real93","A realistic, unstaged construction-site inspection photograph with natural camera perspective and believable materials. In a dim tunnel area, two weathered blue gas cylinders stand apart on bare concrete near a striped barrier and distant worker. Exactly two complete industrial gas cylinders are visible, clearly separated from each other, with no overlap or object crossing either body. No other gas cylinders. No collage, illustration, watermark, captions, or legible brand text.","6"
"R070","real93","A realistic, unstaged construction-site inspection photograph with natural camera perspective and believable materials. Two weathered white gas cylinders stand separately in shallow muddy water by an unfinished basement pillar. Exactly two complete industrial gas cylinders are visible, clearly separated from each other, with no overlap or object crossing either body. No other gas cylinders. No collage, illustration, watermark, captions, or legible brand text.","6"
"R071","real93","A realistic, unstaged construction-site inspection photograph with natural camera perspective and believable materials. At night in a cavernous basement, one dark brown gas cylinder stands free beside welding cables and reflective wet steel floor plates. Exactly one complete industrial gas cylinder is visible; its full body has a clear outline, with no object crossing it. No other gas cylinders. No collage, illustration, watermark, captions, or legible brand text.","6"
"R072","real93","A realistic, unstaged construction-site inspection photograph with natural camera perspective and believable materials. Two red fire extinguishers lie along the base of a yellow mesh safety fence on a sunny concrete construction floor. No gas cylinders are visible anywhere in the frame. No collage, illustration, watermark, captions, or legible brand text.","6"
"R073","real93","A realistic, unstaged construction-site inspection photograph with natural camera perspective and believable materials. Two white gas cylinders stand free in distinct positions behind a black mobile safety barrier on a wet basement floor. Exactly two complete industrial gas cylinders are visible, clearly separated from each other, with no overlap or object crossing either body. No other gas cylinders. No collage, illustration, watermark, captions, or legible brand text.","6"
"R074","real93","A realistic, unstaged construction-site inspection photograph with natural camera perspective and believable materials. Two silver gas cylinders stand side by side with visible space between them at the base of a concrete pillar in an underground level. Exactly two complete industrial gas cylinders are visible, clearly separated from each other, with no overlap or object crossing either body. No other gas cylinders. No collage, illustration, watermark, captions, or legible brand text.","6"
"R075","real93","A realistic, unstaged construction-site inspection photograph with natural camera perspective and believable materials. In a tunnel pit under floodlights, one white and one blue gas cylinder stand apart near hoses and scaffold legs. Exactly two complete industrial gas cylinders are visible, clearly separated from each other, with no overlap or object crossing either body. No other gas cylinders. No collage, illustration, watermark, captions, or legible brand text.","6"
"R076","real93","A realistic, unstaged construction-site inspection photograph with natural camera perspective and believable materials. In a multi-level unfinished building, two blue gas cylinders sit in separate rack bays beneath temporary steel stairs. Exactly two complete industrial gas cylinders are visible, clearly separated from each other, with no overlap or object crossing either body. No other gas cylinders. No collage, illustration, watermark, captions, or legible brand text.","1"
"R077","real93","A realistic, unstaged construction-site inspection photograph with natural camera perspective and believable materials. One blue gas cylinder stands free before a dusty green tarp beside a yellow hand trolley carrying a red fire extinguisher. Exactly one complete industrial gas cylinder is visible; its full body has a clear outline, with no object crossing it. No other gas cylinders. No collage, illustration, watermark, captions, or legible brand text.","6"
"R078","real93","A realistic, unstaged construction-site inspection photograph with natural camera perspective and believable materials. One weathered white gas cylinder stands free in overhead sunlight, its regulator connected to a red hose beside steel tracks. Exactly one complete industrial gas cylinder is visible; its full body has a clear outline, with no object crossing it. No other gas cylinders. No collage, illustration, watermark, captions, or legible brand text.","6"
"R079","real93","A realistic, unstaged construction-site inspection photograph with natural camera perspective and believable materials. Two silver-grey gas cylinders stand apart against a low striped concrete ledge on an outdoor deck near a drainage hose. Exactly two complete industrial gas cylinders are visible, clearly separated from each other, with no overlap or object crossing either body. No other gas cylinders. No collage, illustration, watermark, captions, or legible brand text.","6"
"R080","real93","A realistic, unstaged construction-site inspection photograph with natural camera perspective and believable materials. Two silver-grey gas cylinders occupy separate bays in a blue transport cage on an outdoor scaffold deck under overcast light. Exactly two complete industrial gas cylinders are visible, clearly separated from each other, with no overlap or object crossing either body. No other gas cylinders. No collage, illustration, watermark, captions, or legible brand text.","6"
"R081","real93","A realistic, unstaged construction-site inspection photograph with natural camera perspective and believable materials. Two scratched blue gas cylinders stand separately against a corrugated grey barrier wall with a crumpled green tarp nearby. Exactly two complete industrial gas cylinders are visible, clearly separated from each other, with no overlap or object crossing either body. No other gas cylinders. No collage, illustration, watermark, captions, or legible brand text.","6"
"R082","real93","A realistic, unstaged construction-site inspection photograph with natural camera perspective and believable materials. Two faded blue gas cylinders stand free with space between them outside a closed white site storage shed. Exactly two complete industrial gas cylinders are visible, clearly separated from each other, with no overlap or object crossing either body. No other gas cylinders. No collage, illustration, watermark, captions, or legible brand text.","6"
"R083","real93","A realistic, unstaged construction-site inspection photograph with natural camera perspective and believable materials. One white gas cylinder is strapped upright to a two-wheeled hand trolley on a sunny platform with red hoses and turf screening. Exactly one complete industrial gas cylinder is visible; its full body has a clear outline, with no object crossing it. No other gas cylinders. No collage, illustration, watermark, captions, or legible brand text.","6"
"R084","real93","A realistic, unstaged construction-site inspection photograph with natural camera perspective and believable materials. A worker in a blue hard hat moves one blue gas cylinder strapped to a mobile trolley across a rebar-studded outdoor deck. Exactly one complete industrial gas cylinder is visible; its full body has a clear outline, with no object crossing it. No other gas cylinders. No collage, illustration, watermark, captions, or legible brand text.","6"
"R085","real93","A realistic, unstaged construction-site inspection photograph with natural camera perspective and believable materials. Two weathered white gas cylinders stand apart on a concrete deck beneath scaffolding beside a red fire extinguisher. Exactly two complete industrial gas cylinders are visible, clearly separated from each other, with no overlap or object crossing either body. No other gas cylinders. No collage, illustration, watermark, captions, or legible brand text.","6"
"R086","real93","A realistic, unstaged construction-site inspection photograph with natural camera perspective and believable materials. Two weathered white gas cylinders lie horizontally with clear space between them on geotextile fabric beside timber scraps. Exactly two complete industrial gas cylinders are visible, clearly separated from each other, with no overlap or object crossing either body. No other gas cylinders. No collage, illustration, watermark, captions, or legible brand text.","6"
"R087","real93","A realistic, unstaged construction-site inspection photograph with natural camera perspective and believable materials. On a bright rooftop deck, two blue gas cylinders stand separately among rebar bundles and plywood formwork. Exactly two complete industrial gas cylinders are visible, clearly separated from each other, with no overlap or object crossing either body. No other gas cylinders. No collage, illustration, watermark, captions, or legible brand text.","6"
"R088","real93","A realistic, unstaged construction-site inspection photograph with natural camera perspective and believable materials. In a material yard, one blue gas cylinder is secured in a transport cage and a second is strapped to a hand cart several metres away. Exactly two complete industrial gas cylinders are visible, clearly separated from each other, with no overlap or object crossing either body. No other gas cylinders. No collage, illustration, watermark, captions, or legible brand text.","3"
"R089","real93","A realistic, unstaged construction-site inspection photograph with natural camera perspective and believable materials. From a high angle, one gas cylinder is secured in a blue manifold rack behind a tilted empty carrier cart and timber scraps. Exactly one complete industrial gas cylinder is visible; its full body has a clear outline, with no object crossing it. No other gas cylinders. No collage, illustration, watermark, captions, or legible brand text.","6"
"R090","real93","A realistic, unstaged construction-site inspection photograph with natural camera perspective and believable materials. Two silver-grey gas cylinders occupy distinct bays of a blue transport cage on a wet rebar deck beneath tower cranes. Exactly two complete industrial gas cylinders are visible, clearly separated from each other, with no overlap or object crossing either body. No other gas cylinders. No collage, illustration, watermark, captions, or legible brand text.","5"
"R091","real93","A realistic, unstaged construction-site inspection photograph with natural camera perspective and believable materials. Two weathered blue gas cylinders lie separately on concrete before a white safety billboard amid steel framing. Exactly two complete industrial gas cylinders are visible, clearly separated from each other, with no overlap or object crossing either body. No other gas cylinders. No collage, illustration, watermark, captions, or legible brand text.","6"
"R092","real93","A realistic, unstaged construction-site inspection photograph with natural camera perspective and believable materials. After rain, two white gas cylinders lie separately between timber planks on muddy concrete near material pallets. Exactly two complete industrial gas cylinders are visible, clearly separated from each other, with no overlap or object crossing either body. No other gas cylinders. No collage, illustration, watermark, captions, or legible brand text.","4"
"R093","real93","A realistic, unstaged construction-site inspection photograph with natural camera perspective and believable materials. One weathered blue gas cylinder lies horizontally on a tarp-covered concrete beam amid protruding rebar and wet formwork. Exactly one complete industrial gas cylinder is visible; its full body has a clear outline, with no object crossing it. No other gas cylinders. No collage, illustration, watermark, captions, or legible brand text.","5"
"N001","new150","A realistic, unstaged construction-site inspection photograph with natural camera perspective and believable materials. At the edge of a high-rise concrete floor, one blue gas cylinder stands free beside a temporary guardrail; the city is far below in hazy morning light. Exactly one complete industrial gas cylinder is visible; its full body has a clear outline, with no object crossing it. No other gas cylinders. No collage, illustration, watermark, captions, or legible brand text.","5"
"N002","new150","A realistic, unstaged construction-site inspection photograph with natural camera perspective and believable materials. On a rooftop waterproofing deck, one white gas cylinder lies on its side beside membrane rolls, photographed from above after rain. Exactly one complete industrial gas cylinder is visible; its full body has a clear outline, with no object crossing it. No other gas cylinders. No collage, illustration, watermark, captions, or legible brand text.","4"
"N003","new150","A realistic, unstaged construction-site inspection photograph with natural camera perspective and believable materials. On a tower's unfinished twenty-third floor, one grey gas cylinder is strapped to a hand trolley beside a service lift opening. Exactly one complete industrial gas cylinder is visible; its full body has a clear outline, with no object crossing it. No other gas cylinders. No collage, illustration, watermark, captions, or legible brand text.","1"
"N004","new150","A realistic, unstaged construction-site inspection photograph with natural camera perspective and believable materials. On a wide upper floor, one blue gas cylinder is secured in a rack while a second stands free beside a distant column, both fully separated. Exactly two complete industrial gas cylinders are visible, clearly separated from each other, with no overlap or object crossing either body. No other gas cylinders. No collage, illustration, watermark, captions, or legible brand text.","3"
"N005","new150","A realistic, unstaged construction-site inspection photograph with natural camera perspective and believable materials. A small white gas cylinder stands free near a slab opening on an unfinished high-rise floor under diffuse dusk light. Exactly one complete industrial gas cylinder is visible; its full body has a clear outline, with no object crossing it. No other gas cylinders. No collage, illustration, watermark, captions, or legible brand text.","3"
"N006","new150","A realistic, unstaged construction-site inspection photograph with natural camera perspective and believable materials. One blue gas cylinder is secured in a fixed rack against a temporary wall on a high-rise floor; floor-to-ceiling openings reveal scaffolding. Exactly one complete industrial gas cylinder is visible; its full body has a clear outline, with no object crossing it. No other gas cylinders. No collage, illustration, watermark, captions, or legible brand text.","3"
"N007","new150","A realistic, unstaged construction-site inspection photograph with natural camera perspective and believable materials. One weathered brown gas cylinder rests on bare concrete by stacked formwork panels on a high-rise roof at midday. Exactly one complete industrial gas cylinder is visible; its full body has a clear outline, with no object crossing it. No other gas cylinders. No collage, illustration, watermark, captions, or legible brand text.","4"
"N008","new150","A realistic, unstaged construction-site inspection photograph with natural camera perspective and believable materials. From a stair landing, one gas cylinder stands free on the landing below between red temporary handrails and raw concrete. Exactly one complete industrial gas cylinder is visible; its full body has a clear outline, with no object crossing it. No other gas cylinders. No collage, illustration, watermark, captions, or legible brand text.","5"
"N009","new150","A realistic, unstaged construction-site inspection photograph with natural camera perspective and believable materials. One silver gas cylinder is strapped to a wheeled carrier inside a construction material hoist lobby high above ground. Exactly one complete industrial gas cylinder is visible; its full body has a clear outline, with no object crossing it. No other gas cylinders. No collage, illustration, watermark, captions, or legible brand text.","4"
"N010","new150","A realistic, unstaged construction-site inspection photograph with natural camera perspective and believable materials. A blue gas cylinder lies horizontally on a roof deck beside insulated ductwork, with a clear gap from all other materials. Exactly one complete industrial gas cylinder is visible; its full body has a clear outline, with no object crossing it. No other gas cylinders. No collage, illustration, watermark, captions, or legible brand text.","3"
"N011","new150","A realistic, unstaged construction-site inspection photograph with natural camera perspective and believable materials. One white gas cylinder stands free beside an unfinished facade opening; backlit safety netting frames its outline. Exactly one complete industrial gas cylinder is visible; its full body has a clear outline, with no object crossing it. No other gas cylinders. No collage, illustration, watermark, captions, or legible brand text.","5"
"N012","new150","A realistic, unstaged construction-site inspection photograph with natural camera perspective and believable materials. Two gas cylinders stand apart on a large concrete floor during curtain-wall installation, one near the foreground and one near a distant pillar. Exactly two complete industrial gas cylinders are visible, clearly separated from each other, with no overlap or object crossing either body. No other gas cylinders. No collage, illustration, watermark, captions, or legible brand text.","4"
"N013","new150","A realistic, unstaged construction-site inspection photograph with natural camera perspective and believable materials. On an upper mechanical floor, one gas cylinder is secured in a wall-mounted storage rack under temporary work lights. Exactly one complete industrial gas cylinder is visible; its full body has a clear outline, with no object crossing it. No other gas cylinders. No collage, illustration, watermark, captions, or legible brand text.","1"
"N014","new150","A realistic, unstaged construction-site inspection photograph with natural camera perspective and believable materials. An empty high-rise construction floor shows a welding screen, cable reel, tool cart and unfinished slab openings in morning light. No gas cylinders are visible anywhere in the frame. No collage, illustration, watermark, captions, or legible brand text.","0"
"N015","new150","A realistic, unstaged construction-site inspection photograph with natural camera perspective and believable materials. On a partly built rooftop plant room, one brown gas cylinder stands free beside large wrapped ventilation units in windy daylight. Exactly one complete industrial gas cylinder is visible; its full body has a clear outline, with no object crossing it. No other gas cylinders. No collage, illustration, watermark, captions, or legible brand text.","5"
"N016","new150","A realistic, unstaged construction-site inspection photograph with natural camera perspective and believable materials. In a wet tunnel-boring service chamber, one blue gas cylinder stands free next to a drainage channel under harsh portable lamps. Exactly one complete industrial gas cylinder is visible; its full body has a clear outline, with no object crossing it. No other gas cylinders. No collage, illustration, watermark, captions, or legible brand text.","4"
"N017","new150","A realistic, unstaged construction-site inspection photograph with natural camera perspective and believable materials. One grey gas cylinder is strapped to a narrow two-wheel trolley on a curved underground service passage. Exactly one complete industrial gas cylinder is visible; its full body has a clear outline, with no object crossing it. No other gas cylinders. No collage, illustration, watermark, captions, or legible brand text.","4"
"N018","new150","A realistic, unstaged construction-site inspection photograph with natural camera perspective and believable materials. One white gas cylinder lies horizontally on a raised timber platform in a tunnel staging area, viewed from a worker's eye level. Exactly one complete industrial gas cylinder is visible; its full body has a clear outline, with no object crossing it. No other gas cylinders. No collage, illustration, watermark, captions, or legible brand text.","5"
"N019","new150","A realistic, unstaged construction-site inspection photograph with natural camera perspective and believable materials. Two weathered gas cylinders stand separately on a wide tunnel invert, with one near the wall and one beside a distant cable tray. Exactly two complete industrial gas cylinders are visible, clearly separated from each other, with no overlap or object crossing either body. No other gas cylinders. No collage, illustration, watermark, captions, or legible brand text.","5"
"N020","new150","A realistic, unstaged construction-site inspection photograph with natural camera perspective and believable materials. One blue gas cylinder is secured in a bolted rack inside a dry metro construction alcove beneath fluorescent work lighting. Exactly one complete industrial gas cylinder is visible; its full body has a clear outline, with no object crossing it. No other gas cylinders. No collage, illustration, watermark, captions, or legible brand text.","5"
"N021","new150","A realistic, unstaged construction-site inspection photograph with natural camera perspective and believable materials. At the mouth of a concrete utility tunnel, one rust-streaked gas cylinder stands free beside bundled red hoses on dusty ground. Exactly one complete industrial gas cylinder is visible; its full body has a clear outline, with no object crossing it. No other gas cylinders. No collage, illustration, watermark, captions, or legible brand text.","5"
"N022","new150","A realistic, unstaged construction-site inspection photograph with natural camera perspective and believable materials. Inside a deep excavation shaft, one white gas cylinder stands free on a landing beneath a suspended ladder, seen from above. Exactly one complete industrial gas cylinder is visible; its full body has a clear outline, with no object crossing it. No other gas cylinders. No collage, illustration, watermark, captions, or legible brand text.","2"
"N023","new150","A realistic, unstaged construction-site inspection photograph with natural camera perspective and believable materials. One blue gas cylinder is secured to a wheeled cart parked on a clean tunnel maintenance platform beside pipe supports. Exactly one complete industrial gas cylinder is visible; its full body has a clear outline, with no object crossing it. No other gas cylinders. No collage, illustration, watermark, captions, or legible brand text.","4"
"N024","new150","A realistic, unstaged construction-site inspection photograph with natural camera perspective and believable materials. One dark brown gas cylinder lies on its side in a muddy basement trench beside a pump hose, its full outline visible. Exactly one complete industrial gas cylinder is visible; its full body has a clear outline, with no object crossing it. No other gas cylinders. No collage, illustration, watermark, captions, or legible brand text.","4"
"N025","new150","A realistic, unstaged construction-site inspection photograph with natural camera perspective and believable materials. A tunnel-boring machine face, muddy rails, drainage hose and empty welding trolley appear in a documentary construction photograph. No gas cylinders are visible anywhere in the frame. No collage, illustration, watermark, captions, or legible brand text.","1"
"N026","new150","A realistic, unstaged construction-site inspection photograph with natural camera perspective and believable materials. In a cramped service vault, one silver gas cylinder stands free beside electrical conduits under a single bare lamp. Exactly one complete industrial gas cylinder is visible; its full body has a clear outline, with no object crossing it. No other gas cylinders. No collage, illustration, watermark, captions, or legible brand text.","5"
"N027","new150","A realistic, unstaged construction-site inspection photograph with natural camera perspective and believable materials. In a broad metro station excavation, one blue gas cylinder is secured in a rack while another lies alone near a concrete wall. Exactly two complete industrial gas cylinders are visible, clearly separated from each other, with no overlap or object crossing either body. No other gas cylinders. No collage, illustration, watermark, captions, or legible brand text.","3"
"N028","new150","A realistic, unstaged construction-site inspection photograph with natural camera perspective and believable materials. One brown gas cylinder stands free at the foot of a temporary underground staircase, photographed from the opposite landing. Exactly one complete industrial gas cylinder is visible; its full body has a clear outline, with no object crossing it. No other gas cylinders. No collage, illustration, watermark, captions, or legible brand text.","3"
"N029","new150","A realistic, unstaged construction-site inspection photograph with natural camera perspective and believable materials. One grey gas cylinder is secured in a dedicated rack at a shield-tunnel tool station, with muddy tracks stretching behind. Exactly one complete industrial gas cylinder is visible; its full body has a clear outline, with no object crossing it. No other gas cylinders. No collage, illustration, watermark, captions, or legible brand text.","3"
"N030","new150","A realistic, unstaged construction-site inspection photograph with natural camera perspective and believable materials. At a subterranean retaining-wall work face, one white gas cylinder stands free on gravel beside exposed reinforcement. Exactly one complete industrial gas cylinder is visible; its full body has a clear outline, with no object crossing it. No other gas cylinders. No collage, illustration, watermark, captions, or legible brand text.","5"
"N031","new150","A realistic, unstaged construction-site inspection photograph with natural camera perspective and believable materials. Below an unfinished viaduct, one blue gas cylinder stands free on compacted earth beside a formwork support tower. Exactly one complete industrial gas cylinder is visible; its full body has a clear outline, with no object crossing it. No other gas cylinders. No collage, illustration, watermark, captions, or legible brand text.","5"
"N032","new150","A realistic, unstaged construction-site inspection photograph with natural camera perspective and believable materials. On a bridge deck, one silver gas cylinder is strapped to a hand trolley near expansion-joint tools under overcast light. Exactly one complete industrial gas cylinder is visible; its full body has a clear outline, with no object crossing it. No other gas cylinders. No collage, illustration, watermark, captions, or legible brand text.","5"
"N033","new150","A realistic, unstaged construction-site inspection photograph with natural camera perspective and believable materials. One white gas cylinder lies horizontally beside wet concrete barriers at a road construction site after rain. Exactly one complete industrial gas cylinder is visible; its full body has a clear outline, with no object crossing it. No other gas cylinders. No collage, illustration, watermark, captions, or legible brand text.","5"
"N034","new150","A realistic, unstaged construction-site inspection photograph with natural camera perspective and believable materials. Two gas cylinders stand far apart along a broad elevated bridge deck, with open sky and distant pier cranes behind them. Exactly two complete industrial gas cylinders are visible, clearly separated from each other, with no overlap or object crossing either body. No other gas cylinders. No collage, illustration, watermark, captions, or legible brand text.","5"
"N035","new150","A realistic, unstaged construction-site inspection photograph with natural camera perspective and believable materials. One blue gas cylinder is secured in a fixed metal rack beneath a flyover beside welding screens and bridge bearings. Exactly one complete industrial gas cylinder is visible; its full body has a clear outline, with no object crossing it. No other gas cylinders. No collage, illustration, watermark, captions, or legible brand text.","3"
"N036","new150","A realistic, unstaged construction-site inspection photograph with natural camera perspective and believable materials. On a rail platform under construction, one grey gas cylinder stands free near newly laid track and orange safety fencing. Exactly one complete industrial gas cylinder is visible; its full body has a clear outline, with no object crossing it. No other gas cylinders. No collage, illustration, watermark, captions, or legible brand text.","5"
"N037","new150","A realistic, unstaged construction-site inspection photograph with natural camera perspective and believable materials. One brown gas cylinder stands free in a roadside excavation with trench boxes and traffic barriers, seen from street level. Exactly one complete industrial gas cylinder is visible; its full body has a clear outline, with no object crossing it. No other gas cylinders. No collage, illustration, watermark, captions, or legible brand text.","5"
"N038","new150","A realistic, unstaged construction-site inspection photograph with natural camera perspective and believable materials. One white gas cylinder is strapped to a dolly on an unfinished pedestrian overpass beside installed handrail segments. Exactly one complete industrial gas cylinder is visible; its full body has a clear outline, with no object crossing it. No other gas cylinders. No collage, illustration, watermark, captions, or legible brand text.","4"
"N039","new150","A realistic, unstaged construction-site inspection photograph with natural camera perspective and believable materials. A roadwork area contains an empty cylinder trolley, a cable spool, cut steel plates and wet asphalt under cloudy skies. No gas cylinders are visible anywhere in the frame. No collage, illustration, watermark, captions, or legible brand text.","0"
"N040","new150","A realistic, unstaged construction-site inspection photograph with natural camera perspective and believable materials. One blue gas cylinder lies alone on a precast bridge segment in a fabrication yard, photographed from a nearby walkway. Exactly one complete industrial gas cylinder is visible; its full body has a clear outline, with no object crossing it. No other gas cylinders. No collage, illustration, watermark, captions, or legible brand text.","5"
"N041","new150","A realistic, unstaged construction-site inspection photograph with natural camera perspective and believable materials. One gas cylinder is secured in a dedicated rack at a rail viaduct pier construction site with rebar cages in the distance. Exactly one complete industrial gas cylinder is visible; its full body has a clear outline, with no object crossing it. No other gas cylinders. No collage, illustration, watermark, captions, or legible brand text.","3"
"N042","new150","A realistic, unstaged construction-site inspection photograph with natural camera perspective and believable materials. At a highway tunnel portal, one silver gas cylinder stands free on gravel beside a temporary ventilation duct. Exactly one complete industrial gas cylinder is visible; its full body has a clear outline, with no object crossing it. No other gas cylinders. No collage, illustration, watermark, captions, or legible brand text.","3"
"N043","new150","A realistic, unstaged construction-site inspection photograph with natural camera perspective and believable materials. Along a wide bridge construction deck, one gas cylinder is strapped to a trolley while a second stands free several metres away. Exactly two complete industrial gas cylinders are visible, clearly separated from each other, with no overlap or object crossing either body. No other gas cylinders. No collage, illustration, watermark, captions, or legible brand text.","3"
"N044","new150","A realistic, unstaged construction-site inspection photograph with natural camera perspective and believable materials. One dark brown gas cylinder stands free beside a bridge cable-stay anchorage under early morning fog. Exactly one complete industrial gas cylinder is visible; its full body has a clear outline, with no object crossing it. No other gas cylinders. No collage, illustration, watermark, captions, or legible brand text.","4"
"N045","new150","A realistic, unstaged construction-site inspection photograph with natural camera perspective and believable materials. One white gas cylinder rests on bare ground beside a drainage culvert installation and stacked concrete pipes. Exactly one complete industrial gas cylinder is visible; its full body has a clear outline, with no object crossing it. No other gas cylinders. No collage, illustration, watermark, captions, or legible brand text.","4"
"N046","new150","A realistic, unstaged construction-site inspection photograph with natural camera perspective and believable materials. Inside an unfinished hospital mechanical room, one blue gas cylinder stands free beside large ventilation ducts and a concrete column. Exactly one complete industrial gas cylinder is visible; its full body has a clear outline, with no object crossing it. No other gas cylinders. No collage, illustration, watermark, captions, or legible brand text.","4"
"N047","new150","A realistic, unstaged construction-site inspection photograph with natural camera perspective and believable materials. One white gas cylinder is secured in a dedicated rack in a new building's fire-service plant room. Exactly one complete industrial gas cylinder is visible; its full body has a clear outline, with no object crossing it. No other gas cylinders. No collage, illustration, watermark, captions, or legible brand text.","4"
"N048","new150","A realistic, unstaged construction-site inspection photograph with natural camera perspective and believable materials. One grey gas cylinder lies on an unfinished corridor floor beside ceiling-grid materials and coiled electrical cable. Exactly one complete industrial gas cylinder is visible; its full body has a clear outline, with no object crossing it. No other gas cylinders. No collage, illustration, watermark, captions, or legible brand text.","5"
"N049","new150","A realistic, unstaged construction-site inspection photograph with natural camera perspective and believable materials. One blue gas cylinder is strapped to a wheeled trolley in a narrow service corridor beneath exposed pipes. Exactly one complete industrial gas cylinder is visible; its full body has a clear outline, with no object crossing it. No other gas cylinders. No collage, illustration, watermark, captions, or legible brand text.","5"
"N050","new150","A realistic, unstaged construction-site inspection photograph with natural camera perspective and believable materials. Two cylinders stand separately at opposite ends of a wide indoor fit-out hall, with plasterboard stacks between them. Exactly two complete industrial gas cylinders are visible, clearly separated from each other, with no overlap or object crossing either body. No other gas cylinders. No collage, illustration, watermark, captions, or legible brand text.","4"
"N051","new150","A realistic, unstaged construction-site inspection photograph with natural camera perspective and believable materials. In a dim basement pump room under construction, one brown gas cylinder stands free beside a floor drain and pump base. Exactly one complete industrial gas cylinder is visible; its full body has a clear outline, with no object crossing it. No other gas cylinders. No collage, illustration, watermark, captions, or legible brand text.","5"
"N052","new150","A realistic, unstaged construction-site inspection photograph with natural camera perspective and believable materials. One silver gas cylinder stands free in a partially tiled transit-station concourse under temporary ceiling lights. Exactly one complete industrial gas cylinder is visible; its full body has a clear outline, with no object crossing it. No other gas cylinders. No collage, illustration, watermark, captions, or legible brand text.","5"
"N053","new150","A realistic, unstaged construction-site inspection photograph with natural camera perspective and believable materials. One gas cylinder is secured in a bolted rack near a new building's electrical switchgear installation. Exactly one complete industrial gas cylinder is visible; its full body has a clear outline, with no object crossing it. No other gas cylinders. No collage, illustration, watermark, captions, or legible brand text.","3"
"N054","new150","A realistic, unstaged construction-site inspection photograph with natural camera perspective and believable materials. One blue gas cylinder rests against a raw concrete column in an unfinished stairwell with a clear visible outline. Exactly one complete industrial gas cylinder is visible; its full body has a clear outline, with no object crossing it. No other gas cylinders. No collage, illustration, watermark, captions, or legible brand text.","3"
"N055","new150","A realistic, unstaged construction-site inspection photograph with natural camera perspective and believable materials. A newly built service corridor contains an empty welding trolley, duct sections and cable trays beneath exposed concrete. No gas cylinders are visible anywhere in the frame. No collage, illustration, watermark, captions, or legible brand text.","0"
"N056","new150","A realistic, unstaged construction-site inspection photograph with natural camera perspective and believable materials. One white gas cylinder lies alone on a protected floor beside unfinished glass partition frames in a building fit-out. Exactly one complete industrial gas cylinder is visible; its full body has a clear outline, with no object crossing it. No other gas cylinders. No collage, illustration, watermark, captions, or legible brand text.","3"
"N057","new150","A realistic, unstaged construction-site inspection photograph with natural camera perspective and believable materials. One grey gas cylinder is strapped to a cart beside a newly installed sprinkler riser in an indoor work zone. Exactly one complete industrial gas cylinder is visible; its full body has a clear outline, with no object crossing it. No other gas cylinders. No collage, illustration, watermark, captions, or legible brand text.","5"
"N058","new150","A realistic, unstaged construction-site inspection photograph with natural camera perspective and believable materials. In a broad unfinished atrium, one cylinder is secured in a rack and another stands free near a separate column. Exactly two complete industrial gas cylinders are visible, clearly separated from each other, with no overlap or object crossing either body. No other gas cylinders. No collage, illustration, watermark, captions, or legible brand text.","2"
"N059","new150","A realistic, unstaged construction-site inspection photograph with natural camera perspective and believable materials. One weathered dark cylinder stands free inside an unfinished lift machine room, lit through a small service window. Exactly one complete industrial gas cylinder is visible; its full body has a clear outline, with no object crossing it. No other gas cylinders. No collage, illustration, watermark, captions, or legible brand text.","4"
"N060","new150","A realistic, unstaged construction-site inspection photograph with natural camera perspective and believable materials. One blue gas cylinder stands free beside stacked acoustic panels during auditorium construction under warm work lamps. Exactly one complete industrial gas cylinder is visible; its full body has a clear outline, with no object crossing it. No other gas cylinders. No collage, illustration, watermark, captions, or legible brand text.","3"
"N061","new150","A realistic, unstaged construction-site inspection photograph with natural camera perspective and believable materials. A worker carries one small gas cylinder by hand across a wide construction slab, its whole body visible against bare concrete. Exactly one complete industrial gas cylinder is visible; its full body has a clear outline, with no object crossing it. No other gas cylinders. No collage, illustration, watermark, captions, or legible brand text.","4"
"N062","new150","A realistic, unstaged construction-site inspection photograph with natural camera perspective and believable materials. A worker pushes one gas cylinder strapped upright to a two-wheel trolley through an unfinished doorway. Exactly one complete industrial gas cylinder is visible; its full body has a clear outline, with no object crossing it. No other gas cylinders. No collage, illustration, watermark, captions, or legible brand text.","5"
"N063","new150","A realistic, unstaged construction-site inspection photograph with natural camera perspective and believable materials. One blue gas cylinder stands free beside an empty trolley on a loading ramp; a worker approaches from several metres away. Exactly one complete industrial gas cylinder is visible; its full body has a clear outline, with no object crossing it. No other gas cylinders. No collage, illustration, watermark, captions, or legible brand text.","4"
"N064","new150","A realistic, unstaged construction-site inspection photograph with natural camera perspective and believable materials. One white gas cylinder is strapped to a wheeled cart paused at the top of a temporary steel ramp. Exactly one complete industrial gas cylinder is visible; its full body has a clear outline, with no object crossing it. No other gas cylinders. No collage, illustration, watermark, captions, or legible brand text.","4"
"N065","new150","A realistic, unstaged construction-site inspection photograph with natural camera perspective and believable materials. One silver gas cylinder lies alone on a pallet at a construction materials receiving bay, not inside a dedicated rack. Exactly one complete industrial gas cylinder is visible; its full body has a clear outline, with no object crossing it. No other gas cylinders. No collage, illustration, watermark, captions, or legible brand text.","4"
"N066","new150","A realistic, unstaged construction-site inspection photograph with natural camera perspective and believable materials. A worker steadies one blue gas cylinder standing free on gravel during unloading from a parked flatbed truck. Exactly one complete industrial gas cylinder is visible; its full body has a clear outline, with no object crossing it. No other gas cylinders. No collage, illustration, watermark, captions, or legible brand text.","4"
"N067","new150","A realistic, unstaged construction-site inspection photograph with natural camera perspective and believable materials. One brown gas cylinder is secured to a hand truck moving through a scaffold access gate. Exactly one complete industrial gas cylinder is visible; its full body has a clear outline, with no object crossing it. No other gas cylinders. No collage, illustration, watermark, captions, or legible brand text.","1"
"N068","new150","A realistic, unstaged construction-site inspection photograph with natural camera perspective and believable materials. One grey gas cylinder stands free beside a freight lift landing while a worker checks a delivery sheet. Exactly one complete industrial gas cylinder is visible; its full body has a clear outline, with no object crossing it. No other gas cylinders. No collage, illustration, watermark, captions, or legible brand text.","4"
"N069","new150","A realistic, unstaged construction-site inspection photograph with natural camera perspective and believable materials. One blue gas cylinder is secured in a purpose-built transport cage on the rear of a parked site utility vehicle. Exactly one complete industrial gas cylinder is visible; its full body has a clear outline, with no object crossing it. No other gas cylinders. No collage, illustration, watermark, captions, or legible brand text.","3"
"N070","new150","A realistic, unstaged construction-site inspection photograph with natural camera perspective and believable materials. One white gas cylinder lies horizontally beside an empty wheelbarrow in a covered construction loading zone. Exactly one complete industrial gas cylinder is visible; its full body has a clear outline, with no object crossing it. No other gas cylinders. No collage, illustration, watermark, captions, or legible brand text.","4"
"N071","new150","A realistic, unstaged construction-site inspection photograph with natural camera perspective and believable materials. At a spacious site logistics yard, one cylinder is strapped to a trolley and a second stands free near a separate pallet. Exactly two complete industrial gas cylinders are visible, clearly separated from each other, with no overlap or object crossing either body. No other gas cylinders. No collage, illustration, watermark, captions, or legible brand text.","0"
"N072","new150","A realistic, unstaged construction-site inspection photograph with natural camera perspective and believable materials. One blue gas cylinder stands free on a truck tail lift beneath a construction hoist, photographed straight on. Exactly one complete industrial gas cylinder is visible; its full body has a clear outline, with no object crossing it. No other gas cylinders. No collage, illustration, watermark, captions, or legible brand text.","3"
"N073","new150","A realistic, unstaged construction-site inspection photograph with natural camera perspective and believable materials. One grey gas cylinder is held by two secure straps on a dedicated dolly crossing a clean concrete delivery aisle. Exactly one complete industrial gas cylinder is visible; its full body has a clear outline, with no object crossing it. No other gas cylinders. No collage, illustration, watermark, captions, or legible brand text.","5"
"N074","new150","A realistic, unstaged construction-site inspection photograph with natural camera perspective and believable materials. One brown gas cylinder leans against a barrier while an empty cylinder cart waits nearby at a site loading dock. Exactly one complete industrial gas cylinder is visible; its full body has a clear outline, with no object crossing it. No other gas cylinders. No collage, illustration, watermark, captions, or legible brand text.","4"
"N075","new150","A realistic, unstaged construction-site inspection photograph with natural camera perspective and believable materials. Workers unload an empty blue cylinder trolley, palletized timber and cable reels from a truck in a construction yard. No gas cylinders are visible anywhere in the frame. No collage, illustration, watermark, captions, or legible brand text.","2"
"N076","new150","A realistic, unstaged construction-site inspection photograph with natural camera perspective and believable materials. One blue gas cylinder is firmly strapped in a wall-anchored rack inside a ventilated site storage shed. Exactly one complete industrial gas cylinder is visible; its full body has a clear outline, with no object crossing it. No other gas cylinders. No collage, illustration, watermark, captions, or legible brand text.","5"
"N077","new150","A realistic, unstaged construction-site inspection photograph with natural camera perspective and believable materials. Two white gas cylinders occupy separate bays in a purpose-built outdoor steel rack with a clear aisle in front. Exactly two complete industrial gas cylinders are visible, clearly separated from each other, with no overlap or object crossing either body. No other gas cylinders. No collage, illustration, watermark, captions, or legible brand text.","4"
"N078","new150","A realistic, unstaged construction-site inspection photograph with natural camera perspective and believable materials. One grey gas cylinder is secured by a visible chain to a dedicated wheeled carrier in a clean indoor storage area. Exactly one complete industrial gas cylinder is visible; its full body has a clear outline, with no object crossing it. No other gas cylinders. No collage, illustration, watermark, captions, or legible brand text.","4"
"N079","new150","A realistic, unstaged construction-site inspection photograph with natural camera perspective and believable materials. One brown gas cylinder stands in an anchored corner rack beside an unfinished concrete wall, photographed at eye level. Exactly one complete industrial gas cylinder is visible; its full body has a clear outline, with no object crossing it. No other gas cylinders. No collage, illustration, watermark, captions, or legible brand text.","4"
"N080","new150","A realistic, unstaged construction-site inspection photograph with natural camera perspective and believable materials. Two blue gas cylinders are separately restrained in a rack beneath a protective site canopy, without touching. Exactly two complete industrial gas cylinders are visible, clearly separated from each other, with no overlap or object crossing either body. No other gas cylinders. No collage, illustration, watermark, captions, or legible brand text.","4"
"N081","new150","A realistic, unstaged construction-site inspection photograph with natural camera perspective and believable materials. One white gas cylinder is strapped to a dedicated hand trolley in a well-lit construction workshop. Exactly one complete industrial gas cylinder is visible; its full body has a clear outline, with no object crossing it. No other gas cylinders. No collage, illustration, watermark, captions, or legible brand text.","4"
"N082","new150","A realistic, unstaged construction-site inspection photograph with natural camera perspective and believable materials. One silver gas cylinder is locked into a fixed metal rack beside a site tool container under overcast daylight. Exactly one complete industrial gas cylinder is visible; its full body has a clear outline, with no object crossing it. No other gas cylinders. No collage, illustration, watermark, captions, or legible brand text.","5"
"N083","new150","A realistic, unstaged construction-site inspection photograph with natural camera perspective and believable materials. Two weathered cylinders stand in separate anchored slots of an outdoor transport cage on level concrete. Exactly two complete industrial gas cylinders are visible, clearly separated from each other, with no overlap or object crossing either body. No other gas cylinders. No collage, illustration, watermark, captions, or legible brand text.","0"
"N084","new150","A realistic, unstaged construction-site inspection photograph with natural camera perspective and believable materials. One blue gas cylinder is secured within a wall-mounted rack beneath a temporary basement ventilation fan. Exactly one complete industrial gas cylinder is visible; its full body has a clear outline, with no object crossing it. No other gas cylinders. No collage, illustration, watermark, captions, or legible brand text.","3"
"N085","new150","A realistic, unstaged construction-site inspection photograph with natural camera perspective and believable materials. One dark brown gas cylinder is firmly fixed to a two-wheel trolley beside a welding bay; the trolley rests on level ground. Exactly one complete industrial gas cylinder is visible; its full body has a clear outline, with no object crossing it. No other gas cylinders. No collage, illustration, watermark, captions, or legible brand text.","5"
"N086","new150","A realistic, unstaged construction-site inspection photograph with natural camera perspective and believable materials. One white gas cylinder sits restrained in a purpose-built rack behind a mesh storage door on a construction site. Exactly one complete industrial gas cylinder is visible; its full body has a clear outline, with no object crossing it. No other gas cylinders. No collage, illustration, watermark, captions, or legible brand text.","4"
"N087","new150","A realistic, unstaged construction-site inspection photograph with natural camera perspective and believable materials. Two silver gas cylinders are independently strapped to a mobile rack in a bright prefabrication workshop. Exactly two complete industrial gas cylinders are visible, clearly separated from each other, with no overlap or object crossing either body. No other gas cylinders. No collage, illustration, watermark, captions, or legible brand text.","5"
"N088","new150","A realistic, unstaged construction-site inspection photograph with natural camera perspective and believable materials. One blue gas cylinder is properly secured upright to a dedicated cart parked in a wide site corridor. Exactly one complete industrial gas cylinder is visible; its full body has a clear outline, with no object crossing it. No other gas cylinders. No collage, illustration, watermark, captions, or legible brand text.","5"
"N089","new150","A realistic, unstaged construction-site inspection photograph with natural camera perspective and believable materials. One grey gas cylinder occupies a single bolted rack slot on a clean outdoor concrete pad beneath shade. Exactly one complete industrial gas cylinder is visible; its full body has a clear outline, with no object crossing it. No other gas cylinders. No collage, illustration, watermark, captions, or legible brand text.","5"
"N090","new150","A realistic, unstaged construction-site inspection photograph with natural camera perspective and believable materials. An empty, properly anchored cylinder rack stands in a tidy site storage shed beside stacked safety cones. No gas cylinders are visible anywhere in the frame. No collage, illustration, watermark, captions, or legible brand text.","3"
"N091","new150","A realistic, unstaged construction-site inspection photograph with natural camera perspective and believable materials. In heavy rain beneath a partly built viaduct, one white gas cylinder stands free on wet concrete beside a drainage hose. Exactly one complete industrial gas cylinder is visible; its full body has a clear outline, with no object crossing it. No other gas cylinders. No collage, illustration, watermark, captions, or legible brand text.","5"
"N092","new150","A realistic, unstaged construction-site inspection photograph with natural camera perspective and believable materials. At blue hour on a rooftop construction deck, one tall, slim dark brown high-pressure industrial gas cylinder lies alone beside plywood formwork under temporary floodlights. The cylinder is approximately 1.4 metres long from base to valve and 0.23 metres in body diameter; its overall length is at least five times its maximum body width. It has a straight narrow cylindrical body and a gently rounded shoulder, with realistic scale relative to the nearby formwork. No squat barrel, wide tank, LPG bottle or spherical vessel. Exactly one complete industrial gas cylinder is visible; its full body has a clear outline, with no object crossing it. No other gas cylinders. No collage, illustration, watermark, captions, or legible brand text.","5"
"N093","new150","A realistic, unstaged construction-site inspection photograph with natural camera perspective and believable materials. One blue gas cylinder is strapped to a trolley inside a foggy outdoor site yard at dawn. Exactly one complete industrial gas cylinder is visible; its full body has a clear outline, with no object crossing it. No other gas cylinders. No collage, illustration, watermark, captions, or legible brand text.","5"
"N094","new150","A realistic, unstaged construction-site inspection photograph with natural camera perspective and believable materials. In low winter sunlight, one silver gas cylinder stands free near a temporary windbreak on a construction slab. Exactly one complete industrial gas cylinder is visible; its full body has a clear outline, with no object crossing it. No other gas cylinders. No collage, illustration, watermark, captions, or legible brand text.","5"
"N095","new150","A realistic, unstaged construction-site inspection photograph with natural camera perspective and believable materials. One weathered brown gas cylinder stands free in a dusty construction yard during a mild sand haze. Exactly one complete industrial gas cylinder is visible; its full body has a clear outline, with no object crossing it. No other gas cylinders. No collage, illustration, watermark, captions, or legible brand text.","5"
"N096","new150","A realistic, unstaged construction-site inspection photograph with natural camera perspective and believable materials. One blue gas cylinder sits secured in a fixed rack beneath a rain shelter while puddles reflect an unfinished frame. Exactly one complete industrial gas cylinder is visible; its full body has a clear outline, with no object crossing it. No other gas cylinders. No collage, illustration, watermark, captions, or legible brand text.","3"
"N097","new150","A realistic, unstaged construction-site inspection photograph with natural camera perspective and believable materials. At night under mixed orange and white floodlights, one white gas cylinder lies separately on a wet basement floor. Exactly one complete industrial gas cylinder is visible; its full body has a clear outline, with no object crossing it. No other gas cylinders. No collage, illustration, watermark, captions, or legible brand text.","5"
"N098","new150","A realistic, unstaged construction-site inspection photograph with natural camera perspective and believable materials. During an overcast drizzle, one grey gas cylinder stands free against a dark temporary site fence. Exactly one complete industrial gas cylinder is visible; its full body has a clear outline, with no object crossing it. No other gas cylinders. No collage, illustration, watermark, captions, or legible brand text.","5"
"N099","new150","A realistic, unstaged construction-site inspection photograph with natural camera perspective and believable materials. One blue gas cylinder is secured to a trolley on a snowy but cleared construction access road under cloudy light. Exactly one complete industrial gas cylinder is visible; its full body has a clear outline, with no object crossing it. No other gas cylinders. No collage, illustration, watermark, captions, or legible brand text.","5"
"N100","new150","A realistic, unstaged construction-site inspection photograph with natural camera perspective and believable materials. Backlit by a low sun, one dark brown gas cylinder stands free on a concrete deck with a sharp silhouette. Exactly one complete industrial gas cylinder is visible; its full body has a clear outline, with no object crossing it. No other gas cylinders. No collage, illustration, watermark, captions, or legible brand text.","5"
"N101","new150","A realistic, unstaged construction-site inspection photograph with natural camera perspective and believable materials. Two gas cylinders stand far apart across a wide rain-soaked foundation slab, each fully visible in puddle reflections. Exactly two complete industrial gas cylinders are visible, clearly separated from each other, with no overlap or object crossing either body. No other gas cylinders. No collage, illustration, watermark, captions, or legible brand text.","5"
"N102","new150","A realistic, unstaged construction-site inspection photograph with natural camera perspective and believable materials. Under a bright temporary spotlight in a dark tunnel chamber, one silver gas cylinder stands free beside a pipe bracket. Exactly one complete industrial gas cylinder is visible; its full body has a clear outline, with no object crossing it. No other gas cylinders. No collage, illustration, watermark, captions, or legible brand text.","5"
"N103","new150","A realistic, unstaged construction-site inspection photograph with natural camera perspective and believable materials. An empty underground welding bay shows damp concrete, a work lamp, folded welding screen and cable reel at night. No gas cylinders are visible anywhere in the frame. No collage, illustration, watermark, captions, or legible brand text.","0"
"N104","new150","A realistic, unstaged construction-site inspection photograph with natural camera perspective and believable materials. One blue gas cylinder lies on dry concrete in deep afternoon shade while sunlit scaffold poles form the background. Exactly one complete industrial gas cylinder is visible; its full body has a clear outline, with no object crossing it. No other gas cylinders. No collage, illustration, watermark, captions, or legible brand text.","5"
"N105","new150","A realistic, unstaged construction-site inspection photograph with natural camera perspective and believable materials. In light morning mist, one grey gas cylinder is secured in a transport rack beside a partly built bridge pier. Exactly one complete industrial gas cylinder is visible; its full body has a clear outline, with no object crossing it. No other gas cylinders. No collage, illustration, watermark, captions, or legible brand text.","4"
"N106","new150","A realistic, unstaged construction-site inspection photograph with natural camera perspective and believable materials. A steep high-angle inspection photo from a scaffold landing looks down on one white gas cylinder standing free on a floor below. Exactly one complete industrial gas cylinder is visible; its full body has a clear outline, with no object crossing it. No other gas cylinders. No collage, illustration, watermark, captions, or legible brand text.","5"
"N107","new150","A realistic, unstaged construction-site inspection photograph with natural camera perspective and believable materials. A low-angle ground-level photo shows one blue gas cylinder lying on concrete beneath a towering unfinished steel frame. Exactly one complete industrial gas cylinder is visible; its full body has a clear outline, with no object crossing it. No other gas cylinders. No collage, illustration, watermark, captions, or legible brand text.","5"
"N108","new150","A realistic, unstaged construction-site inspection photograph with natural camera perspective and believable materials. From a long site corridor, one gas cylinder is visible in a dedicated rack at medium distance, with an unobstructed outline. Exactly one complete industrial gas cylinder is visible; its full body has a clear outline, with no object crossing it. No other gas cylinders. No collage, illustration, watermark, captions, or legible brand text.","2"
"N109","new150","A realistic, unstaged construction-site inspection photograph with natural camera perspective and believable materials. A close side view shows one weathered grey gas cylinder standing free beside an exposed reinforcement cage. Exactly one complete industrial gas cylinder is visible; its full body has a clear outline, with no object crossing it. No other gas cylinders. No collage, illustration, watermark, captions, or legible brand text.","5"
"N110","new150","A realistic, unstaged construction-site inspection photograph with natural camera perspective and believable materials. A wide surveillance-like view shows one blue gas cylinder strapped to a wheeled cart in an open concrete work yard. Exactly one complete industrial gas cylinder is visible; its full body has a clear outline, with no object crossing it. No other gas cylinders. No collage, illustration, watermark, captions, or legible brand text.","4"
"N111","new150","A realistic, unstaged construction-site inspection photograph with natural camera perspective and believable materials. From an overhead walkway, one small white gas cylinder stands free on a large basement floor with visible open space around it. Exactly one complete industrial gas cylinder is visible; its full body has a clear outline, with no object crossing it. No other gas cylinders. No collage, illustration, watermark, captions, or legible brand text.","5"
"N112","new150","A realistic, unstaged construction-site inspection photograph with natural camera perspective and believable materials. A handheld inspection photo through a doorway reveals one brown gas cylinder lying on the floor of an unfinished room. Exactly one complete industrial gas cylinder is visible; its full body has a clear outline, with no object crossing it. No other gas cylinders. No collage, illustration, watermark, captions, or legible brand text.","5"
"N113","new150","A realistic, unstaged construction-site inspection photograph with natural camera perspective and believable materials. A shallow-angle side view shows one silver gas cylinder secured in a metal rack beneath scaffold cross-bracing. Exactly one complete industrial gas cylinder is visible; its full body has a clear outline, with no object crossing it. No other gas cylinders. No collage, illustration, watermark, captions, or legible brand text.","0"
"N114","new150","A realistic, unstaged construction-site inspection photograph with natural camera perspective and believable materials. In a broad panoramic site view, two gas cylinders stand separately at different depths, each fully discernible. Exactly two complete industrial gas cylinders are visible, clearly separated from each other, with no overlap or object crossing either body. No other gas cylinders. No collage, illustration, watermark, captions, or legible brand text.","5"
"N115","new150","A realistic, unstaged construction-site inspection photograph with natural camera perspective and believable materials. From behind a guardrail, one blue gas cylinder stands free on a lower platform; rail bars do not cross its body. Exactly one complete industrial gas cylinder is visible; its full body has a clear outline, with no object crossing it. No other gas cylinders. No collage, illustration, watermark, captions, or legible brand text.","3"
"N116","new150","A realistic, unstaged construction-site inspection photograph with natural camera perspective and believable materials. A close front view shows one white gas cylinder strapped to a trolley, with the full trolley and cylinder in frame. Exactly one complete industrial gas cylinder is visible; its full body has a clear outline, with no object crossing it. No other gas cylinders. No collage, illustration, watermark, captions, or legible brand text.","3"
"N117","new150","A realistic, unstaged construction-site inspection photograph with natural camera perspective and believable materials. A high-angle construction inspection view shows an empty cylinder rack, welding screen and rebar grid but no equipment in the rack. No gas cylinders are visible anywhere in the frame. No collage, illustration, watermark, captions, or legible brand text.","1"
"N118","new150","A realistic, unstaged construction-site inspection photograph with natural camera perspective and believable materials. A long-lens view across a broad construction deck isolates one dark brown gas cylinder standing free beside a distant timber stack. Exactly one complete industrial gas cylinder is visible; its full body has a clear outline, with no object crossing it. No other gas cylinders. No collage, illustration, watermark, captions, or legible brand text.","5"
"N119","new150","A realistic, unstaged construction-site inspection photograph with natural camera perspective and believable materials. A diagonal view down a temporary ramp shows one grey gas cylinder lying on a flat landing, fully visible. Exactly one complete industrial gas cylinder is visible; its full body has a clear outline, with no object crossing it. No other gas cylinders. No collage, illustration, watermark, captions, or legible brand text.","5"
"N120","new150","A realistic, unstaged construction-site inspection photograph with natural camera perspective and believable materials. A frontal inspection photo shows one blue gas cylinder restrained in a fixed rack against an unfinished brick wall. Exactly one complete industrial gas cylinder is visible; its full body has a clear outline, with no object crossing it. No other gas cylinders. No collage, illustration, watermark, captions, or legible brand text.","4"
"N121","new150","A realistic, unstaged construction-site inspection photograph with natural camera perspective and believable materials. A welder works behind a protective screen while one blue gas cylinder stands free outside the screen on a concrete floor. Exactly one complete industrial gas cylinder is visible; its full body has a clear outline, with no object crossing it. No other gas cylinders. No collage, illustration, watermark, captions, or legible brand text.","5"
"N122","new150","A realistic, unstaged construction-site inspection photograph with natural camera perspective and believable materials. One white gas cylinder is strapped to a welding trolley near a pipe-fitting station in an unfinished plant room. Exactly one complete industrial gas cylinder is visible; its full body has a clear outline, with no object crossing it. No other gas cylinders. No collage, illustration, watermark, captions, or legible brand text.","0"
"N123","new150","A realistic, unstaged construction-site inspection photograph with natural camera perspective and believable materials. One grey gas cylinder lies beside an inactive welding inverter in a rebar assembly area under natural daylight. Exactly one complete industrial gas cylinder is visible; its full body has a clear outline, with no object crossing it. No other gas cylinders. No collage, illustration, watermark, captions, or legible brand text.","4"
"N124","new150","A realistic, unstaged construction-site inspection photograph with natural camera perspective and believable materials. One blue gas cylinder is secured in a fixed rack beside a screened bridge-welding station beneath a concrete span. Exactly one complete industrial gas cylinder is visible; its full body has a clear outline, with no object crossing it. No other gas cylinders. No collage, illustration, watermark, captions, or legible brand text.","1"
"N125","new150","A realistic, unstaged construction-site inspection photograph with natural camera perspective and believable materials. One brown gas cylinder stands free near freshly welded steel trusses on a rooftop fabrication deck at dusk. Exactly one complete industrial gas cylinder is visible; its full body has a clear outline, with no object crossing it. No other gas cylinders. No collage, illustration, watermark, captions, or legible brand text.","5"
"N126","new150","A realistic, unstaged construction-site inspection photograph with natural camera perspective and believable materials. At a large outdoor welding area, one gas cylinder is restrained in a rack and another stands free by a separate workstation. Exactly two complete industrial gas cylinders are visible, clearly separated from each other, with no overlap or object crossing either body. No other gas cylinders. No collage, illustration, watermark, captions, or legible brand text.","1"
"N127","new150","A realistic, unstaged construction-site inspection photograph with natural camera perspective and believable materials. One silver gas cylinder is strapped to a wheeled welding cart beside a scaffold repair area, with the whole cart visible. Exactly one complete industrial gas cylinder is visible; its full body has a clear outline, with no object crossing it. No other gas cylinders. No collage, illustration, watermark, captions, or legible brand text.","1"
"N128","new150","A realistic, unstaged construction-site inspection photograph with natural camera perspective and believable materials. One white gas cylinder stands free next to a bundle of welding leads in a dim basement fit-out zone. Exactly one complete industrial gas cylinder is visible; its full body has a clear outline, with no object crossing it. No other gas cylinders. No collage, illustration, watermark, captions, or legible brand text.","5"
"N129","new150","A realistic, unstaged construction-site inspection photograph with natural camera perspective and believable materials. One blue gas cylinder rests horizontally near a steel cutting bench on bare gravel in a prefabrication yard. Exactly one complete industrial gas cylinder is visible; its full body has a clear outline, with no object crossing it. No other gas cylinders. No collage, illustration, watermark, captions, or legible brand text.","5"
"N130","new150","A realistic, unstaged construction-site inspection photograph with natural camera perspective and believable materials. One dark brown gas cylinder is secured in a dedicated rack beside an enclosed hot-work booth in an industrial construction hall. Exactly one complete industrial gas cylinder is visible; its full body has a clear outline, with no object crossing it. No other gas cylinders. No collage, illustration, watermark, captions, or legible brand text.","0"
"N131","new150","A realistic, unstaged construction-site inspection photograph with natural camera perspective and believable materials. A welder works behind a protective screen with a portable extinguisher, cable reel and steel sections on a clear construction floor. No gas cylinders are visible anywhere in the frame. No collage, illustration, watermark, captions, or legible brand text.","3"
"N132","new150","A realistic, unstaged construction-site inspection photograph with natural camera perspective and believable materials. One grey gas cylinder stands free beside a newly welded pipe support in an unfinished mechanical room. Exactly one complete industrial gas cylinder is visible; its full body has a clear outline, with no object crossing it. No other gas cylinders. No collage, illustration, watermark, captions, or legible brand text.","5"
"N133","new150","A realistic, unstaged construction-site inspection photograph with natural camera perspective and believable materials. One blue gas cylinder is strapped to a mobile welding trolley parked beside a temporary electrical distribution box. Exactly one complete industrial gas cylinder is visible; its full body has a clear outline, with no object crossing it. No other gas cylinders. No collage, illustration, watermark, captions, or legible brand text.","1"
"N134","new150","A realistic, unstaged construction-site inspection photograph with natural camera perspective and believable materials. From a safe distance, a worker welds a steel beam while one white gas cylinder stands free on bare concrete in the foreground. Exactly one complete industrial gas cylinder is visible; its full body has a clear outline, with no object crossing it. No other gas cylinders. No collage, illustration, watermark, captions, or legible brand text.","5"
"N135","new150","A realistic, unstaged construction-site inspection photograph with natural camera perspective and believable materials. One rust-marked gas cylinder lies alone near a dormant cutting torch on a wide outdoor fabrication slab. Exactly one complete industrial gas cylinder is visible; its full body has a clear outline, with no object crossing it. No other gas cylinders. No collage, illustration, watermark, captions, or legible brand text.","4"
"N136","new150","A realistic, unstaged construction-site inspection photograph with natural camera perspective and believable materials. In a coastal port-terminal project, one blue gas cylinder stands free beside pile-driving equipment under bright sea haze. Exactly one complete industrial gas cylinder is visible; its full body has a clear outline, with no object crossing it. No other gas cylinders. No collage, illustration, watermark, captions, or legible brand text.","4"
"N137","new150","A realistic, unstaged construction-site inspection photograph with natural camera perspective and believable materials. At a remote wind-turbine foundation site, one grey gas cylinder is secured in a mobile rack beside concrete anchor forms. Exactly one complete industrial gas cylinder is visible; its full body has a clear outline, with no object crossing it. No other gas cylinders. No collage, illustration, watermark, captions, or legible brand text.","1"
"N138","new150","A realistic, unstaged construction-site inspection photograph with natural camera perspective and believable materials. On a dam spillway construction platform, one white gas cylinder lies on a level concrete landing above a dry channel. Exactly one complete industrial gas cylinder is visible; its full body has a clear outline, with no object crossing it. No other gas cylinders. No collage, illustration, watermark, captions, or legible brand text.","5"
"N139","new150","A realistic, unstaged construction-site inspection photograph with natural camera perspective and believable materials. Inside an airport terminal under construction, one silver gas cylinder stands free beneath an unfinished roof truss. Exactly one complete industrial gas cylinder is visible; its full body has a clear outline, with no object crossing it. No other gas cylinders. No collage, illustration, watermark, captions, or legible brand text.","3"
"N140","new150","A realistic, unstaged construction-site inspection photograph with natural camera perspective and believable materials. One blue gas cylinder is strapped to a trolley near a precast concrete assembly line in an open factory shed. Exactly one complete industrial gas cylinder is visible; its full body has a clear outline, with no object crossing it. No other gas cylinders. No collage, illustration, watermark, captions, or legible brand text.","3"
"N141","new150","A realistic, unstaged construction-site inspection photograph with natural camera perspective and believable materials. At a large solar-farm construction site, two gas cylinders stand far apart near separate inverter foundations on gravel. Exactly two complete industrial gas cylinders are visible, clearly separated from each other, with no overlap or object crossing either body. No other gas cylinders. No collage, illustration, watermark, captions, or legible brand text.","4"
"N142","new150","A realistic, unstaged construction-site inspection photograph with natural camera perspective and believable materials. One brown gas cylinder stands free beside a temporary timber stair at a mountain-road retaining-wall project. Exactly one complete industrial gas cylinder is visible; its full body has a clear outline, with no object crossing it. No other gas cylinders. No collage, illustration, watermark, captions, or legible brand text.","5"
"N143","new150","A realistic, unstaged construction-site inspection photograph with natural camera perspective and believable materials. One white gas cylinder is secured in a fixed rack beside a municipal water-treatment plant extension. Exactly one complete industrial gas cylinder is visible; its full body has a clear outline, with no object crossing it. No other gas cylinders. No collage, illustration, watermark, captions, or legible brand text.","1"
"N144","new150","A realistic, unstaged construction-site inspection photograph with natural camera perspective and believable materials. One blue gas cylinder lies horizontally near stacked stone cladding during renovation of an old industrial building. Exactly one complete industrial gas cylinder is visible; its full body has a clear outline, with no object crossing it. No other gas cylinders. No collage, illustration, watermark, captions, or legible brand text.","4"
"N145","new150","A realistic, unstaged construction-site inspection photograph with natural camera perspective and believable materials. At a modular-building assembly yard, one grey gas cylinder stands free between two widely spaced prefabricated units. Exactly one complete industrial gas cylinder is visible; its full body has a clear outline, with no object crossing it. No other gas cylinders. No collage, illustration, watermark, captions, or legible brand text.","5"
"N146","new150","A realistic, unstaged construction-site inspection photograph with natural camera perspective and believable materials. A coastal construction staging area shows empty gas-cylinder carts, rope coils and steel piles beneath cloudy light. No gas cylinders are visible anywhere in the frame. No collage, illustration, watermark, captions, or legible brand text.","2"
"N147","new150","A realistic, unstaged construction-site inspection photograph with natural camera perspective and believable materials. One silver gas cylinder is strapped to a trolley beside an unfinished data-centre cooling plant. Exactly one complete industrial gas cylinder is visible; its full body has a clear outline, with no object crossing it. No other gas cylinders. No collage, illustration, watermark, captions, or legible brand text.","1"
"N148","new150","A realistic, unstaged construction-site inspection photograph with natural camera perspective and believable materials. One white gas cylinder stands free on a narrow but level landing in a water-reservoir intake construction tunnel. Exactly one complete industrial gas cylinder is visible; its full body has a clear outline, with no object crossing it. No other gas cylinders. No collage, illustration, watermark, captions, or legible brand text.","5"
"N149","new150","A realistic, unstaged construction-site inspection photograph with natural camera perspective and believable materials. On an open stadium roof-construction deck, one blue gas cylinder lies alone beside folded safety mesh under daylight. Exactly one complete industrial gas cylinder is visible; its full body has a clear outline, with no object crossing it. No other gas cylinders. No collage, illustration, watermark, captions, or legible brand text.","3"
"N150","new150","A realistic, unstaged construction-site inspection photograph with natural camera perspective and believable materials. One brown gas cylinder is secured in a dedicated rack at a remote concrete batching-plant expansion site. Exactly one complete industrial gas cylinder is visible; its full body has a clear outline, with no object crossing it. No other gas cylinders. No collage, illustration, watermark, captions, or legible brand text.","3"
"N151","new24","A realistic documentary photograph of a large group of twelve tall blue industrial gas cylinders stored upright inside a rectangular blue-painted steel cylinder storage cage at a Chinese construction site. The cage has four vertical steel posts, sturdy horizontal crossbars, an open top, and a clearly visible rectangular frame surrounding the entire group of cylinders. The cylinders are densely arranged in two rows, with weathered blue paint, rust marks, and individual metal valves. Wet concrete ground with puddles and reflections, reinforcing steel bars, concrete structures, and a tower crane in the background. Overcast rainy weather, eye-level three-quarter view, natural industrial lighting, realistic construction site photography.","5"
"N152","new24","A photorealistic construction site photograph showing ten tall silver-gray compressed gas cylinders standing upright together inside a sturdy blue steel gas cylinder cage on an unfinished concrete floor. The cage is a clearly defined open rectangular metal frame with four upright corner posts, horizontal retaining bars at the top and middle, and a rigid bottom structure. All ten cylinders are closely packed, with rounded shoulders, individual valve assemblies, scratched metallic surfaces, and faded black markings. Scattered steel rebar, wooden formwork, temporary scaffolding, and stacked construction materials surround the cage. Bright midday sunlight, slightly elevated camera angle, medium-distance documentary photography with natural shadows and detailed industrial textures.","5"
"N153","new24","A realistic photograph of two large blue steel gas cylinder storage cages positioned side by side in a busy outdoor construction material yard. One cage contains eight weathered blue compressed gas cylinders, while the other contains eight silver-gray cylinders, making sixteen clearly distinguishable upright cylinders in total. Both cages have open tops, rectangular steel frames, vertical supporting posts, and several horizontal metal retaining bars holding the cylinders together. The cylinders are closely arranged with visible rounded shoulders and valves. A temporary construction fence, stacks of black steel pipes, wooden pallets, concrete barriers, and unfinished building structures fill the background. Cloudy afternoon, slightly wide composition, natural colors, realistic industrial site photography.","4"
"N154","new24","A close documentary photograph of nine tall white industrial compressed gas cylinders stored vertically inside a heavy-duty blue-painted rectangular steel cylinder cage in a partially enclosed construction basement. The nine cylinders form a dense group inside the same cage, with individual metal valves, rounded tops, dirty white surfaces, rust stains, and partially faded industrial labels. The cage has a rigid open-top structure, four vertical corner posts, thick horizontal retaining bars, and a visible lower metal frame. Rough concrete columns, exposed pipes, temporary lighting fixtures, scattered cables, and unfinished walls appear around the cage. Dim ambient daylight mixed with construction lighting, slightly low camera angle, realistic shadows and industrial wear.","5"
"N155","new24","A highly realistic photograph of fourteen old blue industrial gas cylinders grouped tightly together in three rows inside a large rectangular blue steel storage cage on a muddy construction site. The cage has strong square steel corner posts, horizontal support rails, an open top, and a continuous metal frame visibly surrounding the entire cluster of upright cylinders. The cylinder bodies have peeling blue paint, corrosion patches, dirt stains, and worn valve fittings. Muddy tire tracks, shallow puddles, concrete blocks, temporary metal site offices, and stacked reinforcing bars are visible nearby. Soft overcast daylight after rainfall, wide three-quarter front view, authentic unedited construction site snapshot.","5"
"N156","new24","A realistic construction progress photograph showing a long blue steel gas cylinder storage rack containing twelve upright industrial compressed gas cylinders on the concrete working platform of a high-rise building under construction. Seven cylinders are faded blue and five are metallic silver, arranged closely together in two parallel rows. The storage rack forms a complete rectangular protective cage, with vertical structural posts and strong horizontal metal bars along all sides, clearly enclosing and supporting the cylinders. Individual valves, metal caps, scratches, and weathering are visible. Construction scaffolding, bundled steel reinforcement, wooden formwork, safety railings, and distant building cranes form the background. Side-front camera view, natural late-afternoon daylight, realistic documentary photography.","5"
"N157","new24","A realistic documentary photograph of ten tall weathered blue industrial compressed gas cylinders standing upright directly on the floor inside a small temporary corrugated metal storage shed at a Chinese construction site. Six cylinders are clustered closely against the left wall, while four more stand near the right wall. Each cylinder has its own valve assembly, rounded shoulder, scratched blue paint, and rust stains. The cylinders are loosely placed without any gas cylinder cage, protective steel rack, or securing chains. Gray corrugated metal walls, a dusty metal floor, a small ventilation opening, and an open doorway are visible. Natural daylight entering through the doorway, wide-angle interior view, authentic construction site photography.","4"
"N158","new24","A photorealistic photograph showing nine tall dirty white compressed gas cylinders standing upright in a loose row beside the exterior wall of a temporary construction site building. The cylinders are placed directly on uneven muddy ground without a storage cage or any protective retaining frame. Their white paint is heavily stained with brown dirt, rust streaks, faded red markings, and scratches. Individual valves and rounded cylinder tops are clearly visible. Some cylinders lean slightly against each other while most remain upright. Large plastic water tanks, puddles, construction debris, and a weathered metal wall appear in the background. Cloudy daylight after rain, eye-level three-quarter view, realistic industrial site photography.","5"
"N159","new24","A natural construction site photograph of twelve industrial compressed gas cylinders gathered together in an open outdoor material storage area. Seven cylinders are weathered blue and five are dull metallic silver, all standing vertically on rough concrete ground in several irregular groups. The cylinders have distinct rounded tops, individual valves, scratched metal bodies, and worn paint. They are placed freely beside construction materials without any surrounding metal cage, storage rack, or retaining bars. Stacks of steel pipes, wooden pallets, reinforcing bars, concrete blocks, and unfinished structural columns fill the surrounding worksite. Bright but slightly hazy afternoon sunlight, wide front-side camera view, realistic documentary photography with natural imperfections.","5"
"N160","new24","A highly realistic photograph of eight tall silver-gray industrial gas cylinders standing closely together on the concrete floor of a partially covered construction storage area. The cylinders form a compact irregular cluster near an unfinished concrete column, with their individual valves and rounded metal shoulders visible at slightly different heights. Their surfaces show scratches, dirt, oxidation, and faded industrial markings. There is no enclosing gas cylinder cage, no steel storage frame, and no shared securing structure around the group. Timber planks, coiled electrical cables, metal scaffolding pipes, cement bags, and construction equipment appear nearby. Soft natural daylight entering from the open side of the shed, medium-distance eye-level photograph, realistic construction environment.","5"
"N161","new24","A realistic wide-angle photograph of fourteen tall blue compressed gas cylinders stored carelessly in an open area near a deep building foundation excavation. The cylinders are standing upright directly on a rough concrete slab, forming two uneven clusters of different sizes with small gaps between individual cylinders. Most have faded dark blue paint, rusted lower sections, worn black valve fittings, and visible rounded tops. No cylinder cage, protective rack, or metal retaining structure surrounds them. Bundles of reinforcing steel, excavated soil, temporary guardrails, concrete retaining walls, and construction machinery are visible in the background. Slightly elevated camera viewpoint, bright overcast daylight, documentary-style construction safety inspection photography.","5"
"N162","new24","A realistic wide-view photograph of a group of eleven industrial compressed gas cylinders placed directly on the ground beside an unfinished concrete building at an active Chinese construction site. Six cylinders are dirty white and five are faded blue, arranged in a loose irregular row along the wall with some standing close together and others separated by narrow gaps. All cylinders are upright and show their own rounded shoulders, individual valve assemblies, scratched surfaces, and signs of prolonged outdoor use. The group is completely exposed, without a steel gas cylinder cage or storage rack. Scaffolding, unfinished concrete walls, stacked timber, scattered rebar, safety barriers, and construction debris fill the wider scene. Natural morning daylight, distant three-quarter camera view, ordinary handheld documentary photograph.","5"
"N163","new24","A realistic nighttime construction site photograph showing a large blue steel gas cylinder cage containing eleven upright industrial gas cylinders. The cage is a rigid rectangular storage frame with four corner posts, horizontal retaining bars, and an open top, clearly enclosing the cylinders. Seven cylinders are blue and four are silver-gray, all with visible valves, worn paint, scratches, and rust stains. The cage stands on a wet concrete surface under strong construction floodlights, with bright reflections on the ground. Background elements include temporary lighting towers, steel rebar bundles, scaffolding, safety barriers, and partially completed structural columns. Documentary-style industrial photography, medium-wide front-side view, realistic shadows and high-detail textures.","4"
"N164","new24","A photorealistic construction site image of twelve upright compressed gas cylinders stored properly inside a rectangular blue-painted steel gas cylinder cage beside the base of a tower crane. The cylinders are densely arranged in two rows, with eight weathered blue cylinders and four dirty white cylinders. The cage has clearly visible vertical steel posts, strong horizontal bars, an open top, and a robust lower frame supporting the whole group. The surrounding site includes crane base concrete, stacks of timber formwork, steel reinforcement cages, yellow-black safety markings, and temporary fencing. Sunny daytime, slightly low camera angle, realistic construction safety inspection photo with natural colors and fine industrial detail.","5"
"N165","new24","A realistic documentary photograph of nine tall industrial gas cylinders stored upright in a proper blue steel cylinder cage placed in a narrow passage between temporary site office cabins and a construction fence. The cage is a clearly defined rectangular metal frame with an open top, four upright posts, and horizontal retaining rails around the cylinders. The nine cylinders are mostly silver-gray with two faded blue ones, tightly grouped and clearly separated as individual cylinders with rounded shoulders and metal valve assemblies. The ground is compacted dirt mixed with gravel, with cable trays, warning signs, utility pipes, and portable site equipment nearby. Eye-level perspective, natural morning light, authentic construction site photography.","5"
"N166","new24","A highly realistic construction photograph showing a blue rectangular steel gas cylinder storage cage containing ten upright industrial cylinders under the edge of a newly cast concrete slab. The cylinders are arranged closely in two compact rows, with six white cylinders and four blue cylinders, all with visible valve heads, chipped paint, grime, and surface corrosion. The cage structure is complete and unmistakable, with vertical corner members, horizontal support bars, and an open-top protective design. The surrounding environment includes concrete columns, slab formwork supports, stacked plywood panels, scaffold frames, and hanging electrical conduits. Soft diffused daylight, side-front composition, practical site inspection photo style.","5"
"N167","new24","A realistic wide-angle photograph of two separate blue steel gas cylinder cages placed along a temporary access road inside a large construction site. Each cage is a sturdy open-top rectangular steel frame with vertical posts and horizontal retaining bars. One cage contains six upright weathered blue gas cylinders, and the other cage contains seven upright silver cylinders, making thirteen cylinders in total. The cylinders show worn paint, dirt marks, valve hardware, and different degrees of weather exposure. The road surface is dusty with tire tracks, and the background includes dump trucks, temporary road plates, traffic cones, concrete pipe sections, and unfinished building structures. Daytime, long shot with a broad field of view, documentary construction photography.","5"
"N168","new24","A photorealistic image of a rooftop construction work area showing a large blue steel gas cylinder cage with eight upright industrial compressed gas cylinders stored properly inside. The cage is clearly visible and structurally complete, with a rectangular open-top design, strong corner posts, and horizontal retention bars securing the cylinders as a group. Five cylinders are dull metallic silver and three are faded blue, with weathered surfaces, small scratches, dirt streaks, and visible valves. The rooftop area has safety railings, ventilation ducts, cable reels, unfinished mechanical installations, and distant city buildings in the background. Bright afternoon sunlight, slightly elevated viewpoint, crisp realistic industrial photo.","5"
"N169","new24","A realistic documentary photograph of ten industrial gas cylinders standing upright in small loose groups beside a temporary welding area at a Chinese construction site. Six cylinders are blue and four are silver-gray, all placed directly on the ground without any cylinder cage, metal storage frame, or retaining structure. The cylinders have rounded tops, individual valves, worn paint, dirt stains, and scratched surfaces. Nearby are welding cables, metal cutting tools, steel plates, scattered rebar pieces, and a portable welding machine. The ground is rough concrete with dust and debris. Natural daytime lighting, medium-distance eye-level view, authentic site safety inspection photography.","1"
"N170","new24","A highly realistic construction site photograph showing eleven upright gas cylinders loosely placed along the wall of an unfinished basement work area. The cylinders are mostly dirty white with several faded blue ones, standing directly on the concrete floor in an irregular row with uneven spacing. Each cylinder has a visible valve assembly, chipped paint, rust marks, and signs of heavy use. There is no storage cage, no steel rack, and no common securing structure. The surroundings include damp concrete walls, utility pipes, puddles, temporary lights, coiled hoses, and construction materials stacked nearby. Low ambient light with some artificial illumination, front-oblique view, realistic industrial atmosphere.","5"
"N171","new24","A realistic wide construction-site image of thirteen tall industrial gas cylinders placed casually in a rebar processing area. The cylinders are arranged in two irregular clusters on the ground, with a mix of blue, white, and metallic silver bodies. They stand upright without any protective cage or shared frame, surrounded by bent reinforcement bars, cutting tables, steel offcuts, wooden spacers, and heavy construction clutter. Each cylinder shows worn surfaces, valve details, scratches, and dirt accumulation. The ground is dusty and uneven, and the background includes workers’ temporary shelters and partial structural works. Bright hazy sunlight, wide three-quarter view, natural unedited documentary style.","5"
"N172","new24","A photorealistic construction safety photograph showing eight dirty white compressed gas cylinders standing upright near the muddy entrance of a busy construction site. The cylinders are placed directly on wet ground beside concrete barriers and temporary fencing, without a gas cylinder cage, storage rack, or restraint system. Their paint is stained with mud and rust, and each cylinder has a distinct rounded shoulder and visible valve. Puddles, vehicle tracks, portable signboards, stacked materials, and delivery activity are visible in the background. Overcast weather after rain, eye-level front-side angle, realistic site environment with strong texture detail.","5"
"N173","new24","A realistic photograph of nine industrial gas cylinders stored casually under a simple temporary canopy made of steel pipes and corrugated sheets. The cylinders, a mix of blue and silver-gray, stand upright directly on a rough concrete surface in a dense but unstructured cluster. Their valves, worn paint, scratches, oxidation, and dirt are clearly visible. There is no enclosing steel cage, no rack, and no proper fixing system around the group. Nearby objects include cement bags, timber planks, buckets, electrical cords, and construction hand tools. Soft side lighting from the open edge of the canopy, medium shot, authentic construction site documentation style.","5"
"N174","new24","A realistic documentary image showing twelve upright compressed gas cylinders placed loosely beside exterior scaffolding along the façade of an unfinished concrete building. Seven cylinders are faded blue and five are dirty white, arranged in an uneven line with some slightly grouped together. All cylinders stand directly on the ground with visible valves, weathered paint, rust streaks, and construction dust. No steel cylinder cage, storage enclosure, or retaining bars are present. The surrounding area includes façade scaffolding, stacked plaster boards, timber formwork, rebar bundles, debris piles, and temporary safety barriers. Natural afternoon daylight, distant front-oblique perspective, practical handheld construction site photography.","5"
